"","DocId","category"
"1","1371085747","Feature, Article"
"2","1420025538","Feature, Article"
"3","1371397899","Feature, Article"
"4","1371084871","Feature, Article"
"5","1369957810","Feature, Article"
"6","1418937553","Feature, Article"
"7","1324776292","Image/Photograph"
"8","1371579204","Feature, Article"
"9","1369534675","Feature, Article"
"10","1371585080","Feature, Article"
"11","1371429868","Feature, Article"
"12","1371551078","Feature, Article"
"13","1416543898","Feature, Article"
"14","1371336005","Feature, Article"
"15","1418975286","Feature, Article"
"16","1324725714","Feature, Article"
"17","1369476707","Feature, Article"
"18","1371314670","Feature, Article"
"19","1371885575","Feature, Article"
"20","1371088819","Feature, Article"
"21","1416666914","Feature, Article"
"22","1416462620","Feature, Article"
"23","1371427260","Feature, Article"
"24","1371471365","Feature, Article"
"25","1321200317","Image/Photograph"
"26","1418975681","Feature, Article"
"27","1418920575","Feature, Article"
"28","1371326031","Feature, Article"
"29","1324712456","Feature, Article"
"30","1371760999","Feature, Article"
"31","1371889480","Feature, Article"
"32","1416686216","Feature, Article"
"33","1371586239","Feature, Article"
"34","1369910273","Feature, Article"
"35","1425479387","Feature, Article"
"36","1416573947","Feature, Article"
"37","1416669192","Feature, Article"
"38","1416737106","Feature, Article"
"39","1371867503","Feature, Article"
"40","1371856354","Feature, Article"
"41","1319877355","Feature, Article"
"42","1416581623","Feature, Article"
"43","1321414033","Feature, Article"
"44","1418976959","Feature, Article"
"45","1371622763","Feature, Article"
"46","1416476946","Feature, Article"
"47","1416464407","Feature, Article"
"48","1416655218","Feature, Article"
"49","1425747973","Front Page/Cover Story"
"50","1371782523","Feature, Article"
"51","1371878590","Feature, Article"
"52","1416575879","Feature, Article"
"53","1416460603","Feature, Article"
"54","1371878597","Feature, Article"
"55","1416699979","Feature, Article"
"56","1369908142","Feature, Article"
"57","1426815719","Feature, Article"
"58","1324854190","Feature, Article"
"59","1416622726","Image/Photograph"
"60","1416637962","Front Page/Cover Story"
"61","1425467510","Feature, Article"
"62","1371771367","Feature, Article"
"63","1425439770","Feature, Article"
"64","1419981199","Feature, Article"
"65","1371758682","Feature, Article"
"66","1416471176","Feature, Article"
"67","1416593049","Feature, Article"
"68","1416616689","Feature, Article"
"69","1425420340","Feature, Article"
"70","1416572567","Feature, Article"
"71","1416719376","Feature, Article"
"72","1324851422","Feature, Article"
"73","1321980939","Front Page/Cover Story"
"74","1371408502","Feature, Article"
"75","1418983474","Feature, Article"
"76","1371739634","Review"
"77","1321192438","Feature, Article"
"78","1426581823","Feature, Article"
"79","1371323449","Feature, Article"
"80","1416460509","Feature, Article"
"81","1425449059","Feature, Article"
"82","1416459009","Feature, Article"
"83","1416455257","Feature, Article"
"84","1324874523","Feature, Article"
"85","1321993276","Feature, Article"
"86","1321981518","Feature, Article"
"87","1371587056","Feature, Article"
"88","1416557860","Feature, Article"
"89","1371771232","Feature, Article"
"90","1418967441","Feature, Article"
"91","1416573245","Feature, Article"
"92","1371772946","Feature, Article"
"93","1371592473","Feature, Article"
"94","1416454287","Feature, Article"
"95","1416732312","Feature, Article"
"96","1324853841","Feature, Article"
"97","1425377057","Feature, Article"
"98","1371612591","Feature, Article"
"99","1416634297","Feature, Article"
"100","1425440803","Feature, Article"
"101","1371890279","Feature, Article"
"102","1416604395","Feature, Article"
"103","1321515582","Feature, Article"
"104","1319905299","Feature, Article"
"105","1416703875","Feature, Article"
"106","1416766007","Feature, Article"
"107","1428045615","Feature, Article"
"108","1416507759","Feature, Article"
"109","1321946676","Front Page/Cover Story"
"110","1371531042","Front Page/Cover Story"
"111","1416595336","Feature, Article"
"112","1324874234","Feature, Article"
"113","1425777596","Feature, Article"
"114","1416724482","Feature, Article"
"115","1416688324","Feature, Article"
"116","1321982766","Feature, Article"
"117","1416465846","Feature, Article"
"118","1418946660","Feature, Article"
"119","1416761114","Feature, Article"
"120","1371710354","Feature, Article"
"121","1416669730","Feature, Article"
"122","1371494194","Feature, Article"
"123","1324808904","Front Page/Cover Story"
"124","1371887801","Feature, Article"
"125","1324807869","Front Page/Cover Story"
"126","1418948699","Feature, Article"
"127","1425439732","Feature, Article"
"128","1425473660","Feature, Article"
"129","1321978168","Feature, Article"
"130","1371425591","Feature, Article"
"131","1425481897","Feature, Article"
"132","1371580627","Feature, Article"
"133","1371469683","Feature, Article"
"134","1425768719","Feature, Article"
"135","1371760427","Feature, Article"
"136","1418935016","Feature, Article"
"137","1425374700","Feature, Article"
"138","1416594591","Feature, Article"
"139","1416591359","Feature, Article"
"140","1416585110","Editorial, Commentary"
"141","1321932585","Feature, Article"
"142","1425491451","Feature, Article"
"143","1371490538","Feature, Article"
"144","1371708714","Feature, Article"
"145","1416738591","Feature, Article"
"146","1425783364","Feature, Article"
"147","1425823128","Feature, Article"
"148","1416707568","Feature, Article"
"149","1416476389","Feature, Article"
"150","1425443627","Feature, Article"
"151","1371489756","Feature, Article"
"152","1425432552","Feature, Article"
"153","1371492754","Feature, Article"
"154","1416444650","Feature, Article"
"155","1416593932","Feature, Article"
"156","1416698770","Feature, Article"
"157","1425820615","Feature, Article"
"158","1321526518","Feature, Article"
"159","1371337556","Feature, Article"
"160","1324806208","Feature, Article"
"161","1420025821","Feature, Article"
"162","1322038266","Feature, Article"
"163","1324849242","Feature, Article"
"164","1321538938","Feature, Article"
"165","1371562684","Feature, Article"
"166","1324810865","Front Page/Cover Story"
"167","1371339979","Feature, Article"
"168","1324843093","Feature, Article"
"169","1324874562","Feature, Article"
"170","1321194995","Feature, Article"
"171","1416568377","Feature, Article"
"172","1371612703","Feature, Article"
"173","1324856396","Feature, Article"
"174","1321485944","Image/Photograph"
"175","1321449373","Front Page/Cover Story"
"176","1371620206","Front Page/Cover Story"
"177","1416567171","Feature, Article"
"178","1324827151","Front Page/Cover Story"
"179","1319933281","Editorial, Commentary"
"180","1321468214","Front Page/Cover Story"
"181","1416551079","Feature, Article"
"182","1321449568","Feature, Article"
"183","1371592865","Feature, Article"
"184","1425819230","Feature, Article"
"185","1371592837","Feature, Article"
"186","1416623285","Feature, Article"
"187","1416746542","Feature, Article"
"188","1416634587","Front Page/Cover Story"
"189","1418971797","Feature, Article"
"190","1416567847","Feature, Article"
"191","1324789246","Feature, Article"
"192","1416585107","Feature, Article"
"193","1371779554","Feature, Article"
"194","1371561567","Image/Photograph"
"195","1371726743","Feature, Article"
"196","1425765615","Image/Photograph"
"197","1418921396","Feature, Article"
"198","1371092687","Feature, Article"
"199","1371433023","Feature, Article"
"200","1418922024","Image/Photograph"
"201","1425815147","Feature, Article"
"202","1324867377","Feature, Article"
"203","1420028838","Feature, Article"
"204","1371429152","Feature, Article"
"205","1371413316","Feature, Article"
"206","1418979517","Image/Photograph"
"207","1319935994","Feature, Article"
"208","1369970843","Feature, Article"
"209","1416471951","Image/Photograph"
"210","1426589768","Feature, Article"
"211","1416611063","Feature, Article"
"212","1369979814","Feature, Article"
"213","1426574375","Feature, Article"
"214","1425800845","Feature, Article"
"215","1319875412","Feature, Article"
"216","1418941663","Feature, Article"
"217","1324856729","Feature, Article"
"218","1371891741","Feature, Article"
"219","1416621804","Feature, Article"
"220","1321942620","Front Page/Cover Story"
"221","1425468046","Feature, Article"
"222","1416442123","Feature, Article"
"223","1416722619","Feature, Article"
"224","1321337079","Feature, Article"
"225","1416568323","Feature, Article"
"226","1371775748","Image/Photograph"
"227","1371431059","Feature, Article"
"228","1321980021","Letter to the Editor, Correspondence"
"229","1371757994","Image/Photograph"
"230","1425787189","Feature, Article"
"231","1324868816","Feature, Article"
"232","1371491945","Feature, Article"
"233","1420036782","Feature, Article"
"234","1418989450","Feature, Article"
"235","1321959602","Image/Photograph"
"236","1321958264","Image/Photograph"
"237","1416727500","Image/Photograph"
"238","1319904253","Feature, Article"
"239","1371737989","Feature, Article"
"240","1371880655","Feature, Article"
"241","1369966435","Feature, Article"
"242","1371435898","Obituary"
"243","1425470867","Front Page/Cover Story"
"244","1426589444","Feature, Article"
"245","1371600314","Feature, Article"
"246","1426586373","Letter to the Editor, Correspondence"
"247","1371337415","Feature, Article"
"248","1420005327","Feature, Article"
"249","1416702234","Image/Photograph"
"250","1416602786","Image/Photograph"
"251","1420030615","Feature, Article"
"252","1321058905","Feature, Article"
"253","1416533144","Front Page/Cover Story"
"254","1321319345","Feature, Article"
"255","1420031469","Feature, Article"
"256","1425467520","Feature, Article"
"257","1369910177","Feature, Article"
"258","1369972279","Feature, Article"
"259","1418961707","Feature, Article"
"260","1425795022","Feature, Article"
"261","1416477052","Feature, Article"
"262","1321461571","Feature, Article"
"263","1416718380","Feature, Article"
"264","1371890907","Feature, Article"
"265","1371573470","Feature, Article"
"266","1371467085","Feature, Article"
"267","1371488215","Feature, Article"
"268","1420008751","Feature, Article"
"269","1371635451","Front Page/Cover Story"
"270","1418985785","Feature, Article"
"271","1420035315","Feature, Article"
"272","1420028729","Feature, Article"
"273","1416744147","Image/Photograph"
"274","1371428599","Feature, Article"
"275","1416468542","Feature, Article"
"276","1369950683","Feature, Article"
"277","1418921614","Feature, Article"
"278","1425783917","Feature, Article"
"279","1425411863","Feature, Article"
"280","1426585723","Feature, Article"
"281","1418944603","Image/Photograph"
"282","1371438125","Feature, Article"
"283","1321535675","Feature, Article"
"284","1371882230","Feature, Article"
"285","1369499713","Feature, Article"
"286","1369495357","Feature, Article"
"287","1371754617","Feature, Article"
"288","1370007601","Feature, Article"
"289","1371407875","Feature, Article"
"290","1371632399","Feature, Article"
"291","1369533622","Feature, Article"
"292","1371340201","Feature, Article"
"293","1369919550","Feature, Article"
"294","1324748437","Feature, Article"
"295","1371710325","Feature, Article"
"296","1416740980","Image/Photograph"
"297","1371337946","Feature, Article"
"298","1425437595","Feature, Article"
"299","1418973575","Feature, Article"
"300","1416767152","Feature, Article"
"301","1369956111","Feature, Article"
"302","1418970934","Feature, Article"
"303","1321535664","Feature, Article"
"304","1371709216","Image/Photograph"
"305","1425423511","Front Page/Cover Story"
"306","1425760589","Feature, Article"
"307","1324783367","Feature, Article"
"308","1371635829","Feature, Article"
"309","1426595795","Feature, Article"
"310","1371331065","Feature, Article"
"311","1425468115","Feature, Article"
"312","1324790619","Feature, Article"
"313","1369993747","Letter to the Editor, Correspondence"
"314","1324804236","Advertisement"
"315","1369920041","Feature, Article"
"316","1416729866","Image/Photograph"
"317","1324777808","Letter to the Editor, Correspondence"
"318","1324882698","Feature, Article"
"319","1324805243","Front Page/Cover Story"
"320","1418912976","Feature, Article"
"321","1371337986","Feature, Article"
"322","1369987594","Feature, Article"
"323","1371338920","Feature, Article"
"324","1418972418","Feature, Article"
"325","1416544325","Editorial, Commentary"
"326","1416697966","Feature, Article"
"327","1418973371","Feature, Article"
"328","1324803292","Front Page/Cover Story"
"329","1324790897","Feature, Article"
"330","1426575765","Feature, Article"
"331","1371573510","Feature, Article"
"332","1425789430","Feature, Article"
"333","1418970987","Front Page/Cover Story"
"334","1416709758","Feature, Article"
"335","1416566882","Feature, Article"
"336","1319875820","Feature, Article"
"337","1420009548","Feature, Article"
"338","1416767283","Feature, Article"
"339","1416483011","Feature, Article"
"340","1371576756","Front Page/Cover Story"
"341","1425823645","Advertisement"
"342","1371778346","Feature, Article"
"343","1321239156","Feature, Article"
"344","1369987790","Image/Photograph"
"345","1321360005","Feature, Article"
"346","1371625452","Feature, Article"
"347","1371542878","Feature, Article"
"348","1425481434","Feature, Article"
"349","1416554157","Feature, Article"
"350","1420033411","Letter to the Editor, Correspondence"
"351","1426582856","Feature, Article"
"352","1371537632","Feature, Article"
"353","1420006822","Feature, Article"
"354","1371853164","Feature, Article"
"355","1371741317","Advertisement"
"356","1426587563","Feature, Article"
"357","1322113828","Image/Photograph"
"358","1418929289","Feature, Article"
"359","1371430543","Image/Photograph"
"360","1371737174","Feature, Article"
"361","1319851218","Feature, Article"
"362","1416596281","Feature, Article"
"363","1418980649","Feature, Article"
"364","1425765121","Feature, Article"
"365","1418961153","Letter to the Editor, Correspondence"
"366","1425438752","Feature, Article"
"367","1371883128","Feature, Article"
"368","1324806151","Letter to the Editor, Correspondence"
"369","1371430504","Feature, Article"
"370","1321525852","Feature, Article"
"371","1321239240","Feature, Article"
"372","1418986977","Feature, Article"
"373","1324795382","Feature, Article"
"374","1321217110","Feature, Article"
"375","1420027044","Feature, Article"
"376","1425478689","Feature, Article"
"377","1418944551","Feature, Article"
"378","1321539038","Feature, Article"
"379","1416441372","Feature, Article"
"380","1371611161","Feature, Article"
"381","1418970645","Feature, Article"
"382","1371780617","Letter to the Editor, Correspondence"
"383","1416739969","Feature, Article"
"384","1371638747","Feature, Article"
"385","1324899400","Feature, Article"
"386","1418981934","Feature, Article"
"387","1369970272","Letter to the Editor, Correspondence"
"388","1371754852","Feature, Article"
"389","1369981524","Feature, Article"
"390","1371868698","Feature, Article"
"391","1425794543","Feature, Article"
"392","1416593590","Feature, Article"
"393","1416736192","Feature, Article"
"394","1371339190","Feature, Article"
"395","1425455818","Feature, Article"
"396","1371575159","Feature, Article"
"397","1416492906","Feature, Article"
"398","1425767248","Feature, Article"
"399","1371412383","Feature, Article"
"400","1371573112","Feature, Article"
"401","1371735038","Image/Photograph"
"402","1416766353","Feature, Article"
"403","1369919225","Feature, Article"
"404","1371335334","Letter to the Editor, Correspondence"
"405","1319875903","Feature, Article"
"406","1324804922","Advertisement"
"407","1425486063","Feature, Article"
"408","1425473325","Advertisement"
"409","1371774218","Letter to the Editor, Correspondence"
"410","1321357500","Feature, Article"
"411","1425750566","Feature, Article"
"412","1371601977","Feature, Article"
"413","1321209218","Feature, Article"
"414","1371599915","Feature, Article"
"415","1371727923","Feature, Article"
"416","1369985471","Feature, Article"
"417","1418961842","Feature, Article"
"418","1416579424","Feature, Article"
"419","1416635079","Feature, Article"
"420","1416571502","Feature, Article"
"421","1371409752","Feature, Article"
"422","1371429268","Feature, Article"
"423","1371340547","Feature, Article"
"424","1416735327","Feature, Article"
"425","1371466648","Feature, Article"
"426","1416701658","Feature, Article"
"427","1369499145","Editorial, Commentary"
"428","1321496138","Front Page/Cover Story"
"429","1371408153","Feature, Article"
"430","1416687125","Feature, Article"
"431","1416683178","Feature, Article"
"432","1418974591","Feature, Article"
"433","1416661194","Feature, Article"
"434","1371773465","Feature, Article"
"435","1426589221","Feature, Article"
"436","1425424961","Feature, Article"
"437","1321198821","Letter to the Editor, Correspondence"
"438","1371429595","Feature, Article"
"439","1416639704","Feature, Article"
"440","1416744707","Feature, Article"
"441","1369871684","Feature, Article"
"442","1425373943","Feature, Article"
"443","1319880343","Feature, Article"
"444","1324671546","Editorial, Commentary"
"445","1425765729","Feature, Article"
"446","1321951300","Feature, Article"
"447","1321245729","Feature, Article"
"448","1371493322","Feature, Article"
"449","1324725417","Feature, Article"
"450","1418988750","Obituary"
"451","1371641539","Feature, Article"
"452","1371594727","Feature, Article"
"453","1321468385","Front Page/Cover Story"
"454","1425489358","Feature, Article"
"455","1371709723","Feature, Article"
"456","1371481755","Feature, Article"
"457","1371744915","Feature, Article"
"458","1371781590","Feature, Article"
"459","1324853549","Advertisement"
"460","1319861144","Feature, Article"
"461","1371471144","Feature, Article"
"462","1371711411","Feature, Article"
"463","1371529036","Front Page/Cover Story"
"464","1370009804","Feature, Article"
"465","1371415606","Feature, Article"
"466","1425822369","Feature, Article"
"467","1426595058","Image/Photograph"
"468","1416638565","Feature, Article"
"469","1426785304","Letter to the Editor, Correspondence"
"470","1369874412","Feature, Article"
"471","1321931016","Front Page/Cover Story"
"472","1371501010","Letter to the Editor, Correspondence"
"473","1416445791","Feature, Article"
"474","1416710464","Feature, Article"
"475","1418970870","Feature, Article"
"476","1420042231","Feature, Article"
"477","1321955074","Feature, Article"
"478","1371531262","Feature, Article"
"479","1418980709","Feature, Article"
"480","1371530077","Letter to the Editor, Correspondence"
"481","1425493049","Feature, Article"
"482","1416604982","Feature, Article"
"483","1371429676","Editorial, Commentary"
"484","1418989039","Feature, Article"
"485","1418945393","Feature, Article"
"486","1420037103","Feature, Article"
"487","1416748480","Letter to the Editor, Correspondence"
"488","1416597551","Feature, Article"
"489","1371590923","Feature, Article"
"490","1425787867","Feature, Article"
"491","1416438040","Feature, Article"
"492","1371473591","Feature, Article"
"493","1321487182","Feature, Article"
"494","1371548422","Feature, Article"
"495","1426588844","Obituary"
"496","1371639405","Feature, Article"
"497","1371632851","Feature, Article"
"498","1420035119","Front Page/Cover Story"
"499","1425473386","Advertisement"
"500","1371425199","Letter to the Editor, Correspondence"
"501","1416584865","Feature, Article"
"502","1418987594","Feature, Article"
"503","1324866416","Feature, Article"
"504","1324866383","Feature, Article"
"505","1418981847","Feature, Article"
"506","1416669087","Feature, Article"
"507","1416748600","Letter to the Editor, Correspondence"
"508","1371474216","Feature, Article"
"509","1416709825","Feature, Article"
"510","1321371467","Feature, Article"
"511","1371509076","Feature, Article"
"512","1324823552","Feature, Article"
"513","1319901377","Feature, Article"
"514","1371772258","Feature, Article"
"515","1369974676","Feature, Article"
"516","1418920794","Obituary"
"517","1371507643","Feature, Article"
"518","1416667587","Feature, Article"
"519","1321518245","Feature, Article"
"520","1321960226","Feature, Article"
"521","1321277200","Feature, Article"
"522","1321240573","Feature, Article"
"523","1416745595","Feature, Article"
"524","1321513562","Advertisement"
"525","1418941919","Feature, Article"
"526","1371713579","Feature, Article"
"527","1369955989","Feature, Article"
"528","1420028460","Editorial, Commentary"
"529","1416450146","Feature, Article"
"530","1371542593","Feature, Article"
"531","1420040407","Feature, Article"
"532","1416492719","Feature, Article"
"533","1416505301","Feature, Article"
"534","1416578040","Feature, Article"
"535","1371740561","Feature, Article"
"536","1371769445","Feature, Article"
"537","1369498119","Feature, Article"
"538","1371709438","Feature, Article"
"539","1371468376","Feature, Article"
"540","1371584810","Feature, Article"
"541","1371770433","Feature, Article"
"542","1425797681","Feature, Article"
"543","1425488667","Feature, Article"
"544","1371342431","Letter to the Editor, Correspondence"
"545","1371489116","Feature, Article"
"546","1324715887","Feature, Article"
"547","1416555917","Feature, Article"
"548","1369910427","Feature, Article"
"549","1321276559","Feature, Article"
"550","1371436133","Obituary"
"551","1371473517","Feature, Article"
"552","1416441448","Front Page/Cover Story"
"553","1371401943","Feature, Article"
"554","1371734741","Feature, Article"
"555","1425483575","Feature, Article"
"556","1420031109","Feature, Article"
"557","1371615820","Feature, Article"
"558","1418941609","Feature, Article"
"559","1371608283","Feature, Article"
"560","1371573160","Advertisement"
"561","1418980924","Feature, Article"
"562","1371573353","Feature, Article"
"563","1319961412","Feature, Article"
"564","1371638740","Feature, Article"
"565","1418976579","Feature, Article"
"566","1321219359","Feature, Article"
"567","1321969894","Feature, Article"
"568","1425784387","Feature, Article"
"569","1420029135","Feature, Article"
"570","1418942170","Feature, Article"
"571","1371536423","Feature, Article"
"572","1371343106","Feature, Article"
"573","1416593254","Feature, Article"
"574","1416729763","Feature, Article"
"575","1371334834","Feature, Article"
"576","1426786461","Feature, Article"
"577","1321260107","Feature, Article"
"578","1321932800","Feature, Article"
"579","1416465048","Feature, Article"
"580","1425481451","Letter to the Editor, Correspondence"
"581","1418908084","Feature, Article"
"582","1416766137","Feature, Article"
"583","1371591067","Feature, Article"
"584","1322035472","Feature, Article"
"585","1416641593","Feature, Article"
"586","1321449920","Feature, Article"
"587","1416596021","Feature, Article"
"588","1416556252","Feature, Article"
"589","1416576371","Feature, Article"
"590","1321350115","Feature, Article"
"591","1416582013","Feature, Article"
"592","1321947263","Front Page/Cover Story"
"593","1416750644","Feature, Article"
"594","1371510059","Feature, Article"
"595","1425786064","Letter to the Editor, Correspondence"
"596","1371565324","Feature, Article"
"597","1425465534","Feature, Article"
"598","1416667298","Feature, Article"
"599","1319914655","Feature, Article"
"600","1369981339","Feature, Article"
"601","1371546342","Feature, Article"
"602","1425823206","Feature, Article"
"603","1371713024","Feature, Article"
"604","1426571360","Feature, Article"
"605","1371429392","Feature, Article"
"606","1369498879","Editorial, Commentary"
"607","1371407105","Feature, Article"
"608","1371477779","Feature, Article"
"609","1420025635","Feature, Article"
"610","1321968567","Feature, Article"
"611","1371426015","Feature, Article"
"612","1371876037","Feature, Article"
"613","1371581105","Feature, Article"
"614","1371507091","Feature, Article"
"615","1371862040","Feature, Article"
"616","1324882964","Feature, Article"
"617","1418972750","Feature, Article"
"618","1324897398","Feature, Article"
"619","1416720153","Feature, Article"
"620","1324866457","Feature, Article"
"621","1416765889","Front Page/Cover Story"
"622","1321981726","Image/Photograph"
"623","1371409906","Feature, Article"
"624","1416481139","Feature, Article"
"625","1425425160","Feature, Article"
"626","1416653825","Feature, Article"
"627","1324782658","Front Page/Cover Story"
"628","1371497748","Feature, Article"
"629","1416731441","Front Page/Cover Story"
"630","1425750246","Front Page/Cover Story"
"631","1324784931","Feature, Article"
"632","1416544574","Feature, Article"
"633","1371547056","Feature, Article"
"634","1369979121","Feature, Article"
"635","1371429231","Letter to the Editor, Correspondence"
"636","1369978749","Feature, Article"
"637","1371408495","Feature, Article"
"638","1371872903","Feature, Article"
"639","1416637947","Front Page/Cover Story"
"640","1369982075","Feature, Article"
"641","1321211930","Feature, Article"
"642","1321211147","Feature, Article"
"643","1418972048","Feature, Article"
"644","1426580752","Feature, Article"
"645","1371474362","Feature, Article"
"646","1416492645","Feature, Article"
"647","1324867446","Feature, Article"
"648","1371335464","Feature, Article"
"649","1371548435","Feature, Article"
"650","1321432112","Front Page/Cover Story"
"651","1324841846","Feature, Article"
"652","1371721336","Feature, Article"
"653","1321212682","Advertisement"
"654","1416736730","Feature, Article"
"655","1369910961","Feature, Article"
"656","1416577230","Front Page/Cover Story"
"657","1416671855","Advertisement"
"658","1425444197","Feature, Article"
"659","1369913851","Feature, Article"
"660","1371732804","Feature, Article"
"661","1321517820","Feature, Article"
"662","1416632373","Feature, Article"
"663","1426595209","Feature, Article"
"664","1371085084","Feature, Article"
"665","1426580259","Feature, Article"
"666","1371575290","Advertisement"
"667","1371338343","Feature, Article"
"668","1425464412","Feature, Article"
"669","1321417206","Feature, Article"
"670","1371589495","Feature, Article"
"671","1324899087","Feature, Article"
"672","1425785555","Feature, Article"
"673","1425470310","Feature, Article"
"674","1425434145","Feature, Article"
"675","1371860871","Obituary"
"676","1371575388","Advertisement"
"677","1371540892","Feature, Article"
"678","1371740158","Letter to the Editor, Correspondence"
"679","1371855795","Letter to the Editor, Correspondence"
"680","1369983351","Obituary"
"681","1321206031","Advertisement"
"682","1369963590","Feature, Article"
"683","1371509383","Feature, Article"
"684","1371397752","Feature, Article"
"685","1371859754","Feature, Article"
"686","1416611107","Feature, Article"
"687","1371551873","Image/Photograph"
"688","1369873590","Feature, Article"
"689","1426585957","Letter to the Editor, Correspondence"
"690","1371494558","Feature, Article"
"691","1371413486","Feature, Article"
"692","1322115381","Feature, Article"
"693","1371639615","Feature, Article"
"694","1426581720","Feature, Article"
"695","1416765409","Editorial, Commentary"
"696","1371466748","Feature, Article"
"697","1416471275","Feature, Article"
"698","1418944932","Letter to the Editor, Correspondence"
"699","1371410985","Feature, Article"
"700","1371574903","Feature, Article"
"701","1371493860","Feature, Article"
"702","1371570478","Feature, Article"
"703","1369987767","Feature, Article"
"704","1371757986","Front Page/Cover Story"
"705","1371732052","Feature, Article"
"706","1425801022","Feature, Article"
"707","1416729750","Feature, Article"
"708","1371488457","Editorial, Commentary"
"709","1418939602","Feature, Article"
"710","1371722524","Feature, Article"
"711","1416712400","Feature, Article"
"712","1321931198","Feature, Article"
"713","1418988451","Feature, Article"
"714","1321221617","Feature, Article"
"715","1418970612","Feature, Article"
"716","1416545385","Letter to the Editor, Correspondence"
"717","1416623754","Feature, Article"
"718","1416766364","Advertisement"
"719","1321529576","Feature, Article"
"720","1324893980","Feature, Article"
"721","1416741052","Feature, Article"
"722","1371329849","Feature, Article"
"723","1416670862","Feature, Article"
"724","1322073634","Feature, Article"
"725","1371727340","Feature, Article"
"726","1322091340","Feature, Article"
"727","1324824683","Feature, Article"
"728","1319904793","Feature, Article"
"729","1425822491","Feature, Article"
"730","1425473866","Front Page/Cover Story"
"731","1419962491","Feature, Article"
"732","1371770887","Feature, Article"
"733","1321933850","Feature, Article"
"734","1416578987","Feature, Article"
"735","1425490653","Feature, Article"
"736","1371328026","Feature, Article"
"737","1416575802","Feature, Article"
"738","1425823441","Review"
"739","1420041916","Feature, Article"
"740","1425784028","Feature, Article"
"741","1425494795","Feature, Article"
"742","1425771842","Image/Photograph"
"743","1324845447","Feature, Article"
"744","1419908902","Letter to the Editor, Correspondence"
"745","1319942848","Feature, Article"
"746","1321470835","Feature, Article"
"747","1418970607","Letter to the Editor, Correspondence"
"748","1321216718","Front Page/Cover Story"
"749","1420039155","Feature, Article"
"750","1418971735","Feature, Article"
"751","1369977066","Feature, Article"
"752","1418924722","Feature, Article"
"753","1371613357","Front Page/Cover Story"
"754","1321539593","Feature, Article"
"755","1416484428","Feature, Article"
"756","1418965030","Feature, Article"
"757","1425786788","Feature, Article"
"758","1425487877","Feature, Article"
"759","1371554591","Image/Photograph"
"760","1371541050","Feature, Article"
"761","1416639378","Feature, Article"
"762","1371423269","Feature, Article"
"763","1371513059","Feature, Article"
"764","1371587433","Feature, Article"
"765","1371544255","Feature, Article"
"766","1420038187","Feature, Article"
"767","1321499105","Feature, Article"
"768","1324831980","Front Page/Cover Story"
"769","1371091775","Feature, Article"
"770","1371333530","Feature, Article"
"771","1371398585","General Information"
"772","1416691724","Feature, Article"
"773","1425420250","Feature, Article"
"774","1416746470","Feature, Article"
"775","1321514469","Feature, Article"
"776","1371774104","Front Page/Cover Story"
"777","1371544357","Feature, Article"
"778","1371424096","Feature, Article"
"779","1416659705","Feature, Article"
"780","1416672052","Advertisement"
"781","1371398652","Feature, Article"
"782","1425814831","Front Page/Cover Story"
"783","1416653539","Front Page/Cover Story"
"784","1425779915","Feature, Article"
"785","1418907426","Feature, Article"
"786","1371362037","Feature, Article"
"787","1425772590","Feature, Article"
"788","1371527168","Feature, Article"
"789","1371572579","Feature, Article"
"790","1369972335","Feature, Article"
"791","1371339794","Feature, Article"
"792","1321529049","Letter to the Editor, Correspondence"
"793","1418946632","Feature, Article"
"794","1371530326","Front Page/Cover Story"
"795","1371474846","Feature, Article"
"796","1416677291","Feature, Article"
"797","1369986748","Feature, Article"
"798","1416481715","Front Page/Cover Story"
"799","1319857547","Feature, Article"
"800","1418913522","Feature, Article"
"801","1420023232","Letter to the Editor, Correspondence"
"802","1321198547","Feature, Article"
"803","1371776115","Feature, Article"
"804","1426586858","Feature, Article"
"805","1416766788","Feature, Article"
"806","1416727056","Feature, Article"
"807","1371433701","Feature, Article"
"808","1321521806","Feature, Article"
"809","1416477194","Feature, Article"
"810","1416576619","Feature, Article"
"811","1416751448","Feature, Article"
"812","1371540755","General Information"
"813","1324868113","Feature, Article"
"814","1371730139","Feature, Article"
"815","1425483954","Feature, Article"
"816","1416477855","Feature, Article"
"817","1371732702","Advertisement"
"818","1369913511","Feature, Article"
"819","1371429509","Feature, Article"
"820","1371590238","Feature, Article"
"821","1416570700","Feature, Article"
"822","1420037266","Feature, Article"
"823","1416571644","Letter to the Editor, Correspondence"
"824","1418943638","Feature, Article"
"825","1369951605","Feature, Article"
"826","1319845748","Editorial, Commentary"
"827","1321214808","Feature, Article"
"828","1371743628","Feature, Article"
"829","1371718700","Feature, Article"
"830","1324882958","Feature, Article"
"831","1416464137","Feature, Article"
"832","1416596710","Feature, Article"
"833","1416471846","Front Page/Cover Story"
"834","1321230067","Feature, Article"
"835","1416461633","Feature, Article"
"836","1425436563","Feature, Article"
"837","1425439607","Feature, Article"
"838","1369972596","Feature, Article"
"839","1321197955","Feature, Article"
"840","1324748614","Feature, Article"
"841","1371338244","Feature, Article"
"842","1418944456","Feature, Article"
"843","1425494309","Feature, Article"
"844","1321951754","Feature, Article"
"845","1319842228","Feature, Article"
"846","1324828188","Letter to the Editor, Correspondence"
"847","1425490307","Feature, Article"
"848","1371777671","Feature, Article"
"849","1420040524","Feature, Article"
"850","1425436520","Feature, Article"
"851","1425483884","Feature, Article"
"852","1416525665","Feature, Article"
"853","1418907669","Editorial, Commentary"
"854","1371574563","Feature, Article"
"855","1416648530","Feature, Article"
"856","1416581924","Feature, Article"
"857","1324811748","Feature, Article"
"858","1371331745","Letter to the Editor, Correspondence"
"859","1425383598","Feature, Article"
"860","1416747883","Feature, Article"
"861","1416447902","Feature, Article"
"862","1371756862","Feature, Article"
"863","1418983929","Feature, Article"
"864","1420006259","Feature, Article"
"865","1425472058","Feature, Article"
"866","1425822468","General Information"
"867","1324849190","Feature, Article"
"868","1371433905","Letter to the Editor, Correspondence"
"869","1418980874","Feature, Article"
"870","1416579911","Feature, Article"
"871","1321961305","Feature, Article"
"872","1425412733","Feature, Article"
"873","1371430137","Feature, Article"
"874","1371481937","Feature, Article"
"875","1371431406","Feature, Article"
"876","1418973557","Feature, Article"
"877","1321526453","Feature, Article"
"878","1416479521","Feature, Article"
"879","1321198283","Advertisement"
"880","1416714898","Feature, Article"
"881","1418978318","Feature, Article"
"882","1371640043","Feature, Article"
"883","1418932855","Feature, Article"
"884","1369976519","Feature, Article"
"885","1416726125","Feature, Article"
"886","1416616732","Feature, Article"
"887","1418934809","Feature, Article"
"888","1371339347","Feature, Article"
"889","1418917107","Feature, Article"
"890","1416487377","Feature, Article"
"891","1425799514","Feature, Article"
"892","1319893718","Feature, Article"
"893","1416477758","Feature, Article"
"894","1371578536","Feature, Article"
"895","1416441910","Feature, Article"
"896","1416499824","Feature, Article"
"897","1371491942","Feature, Article"
"898","1416594615","Feature, Article"
"899","1418976753","Letter to the Editor, Correspondence"
"900","1321981743","Feature, Article"
"901","1416513651","Feature, Article"
"902","1425823468","Feature, Article"
"903","1371578210","Feature, Article"
"904","1371510346","Feature, Article"
"905","1321964966","Feature, Article"
"906","1369989251","Letter to the Editor, Correspondence"
"907","1416635111","Feature, Article"
"908","1324842191","Feature, Article"
"909","1321506571","Feature, Article"
"910","1369913425","Feature, Article"
"911","1321336756","Feature, Article"
"912","1371337971","Feature, Article"
"913","1321261872","Feature, Article"
"914","1321477846","Front Page/Cover Story"
"915","1416466976","Feature, Article"
"916","1324893843","Feature, Article"
"917","1418961582","Feature, Article"
"918","1371482747","Feature, Article"
"919","1371394985","Feature, Article"
"920","1416597907","Feature, Article"
"921","1426786436","Letter to the Editor, Correspondence"
"922","1371525873","Feature, Article"
"923","1425479349","Feature, Article"
"924","1371398330","Letter to the Editor, Correspondence"
"925","1324822408","Feature, Article"
"926","1371862560","Advertisement"
"927","1371572392","Feature, Article"
"928","1416665101","Feature, Article"
"929","1371536752","Feature, Article"
"930","1319896313","Feature, Article"
"931","1425748760","Feature, Article"
"932","1371471963","Feature, Article"
"933","1416584990","Feature, Article"
"934","1425822449","General Information"
"935","1371866685","Editorial, Commentary"
"936","1371862140","Feature, Article"
"937","1369919105","Feature, Article"
"938","1371409904","Feature, Article"
"939","1324897903","Feature, Article"
"940","1371772805","Feature, Article"
"941","1416587409","Feature, Article"
"942","1371408771","Feature, Article"
"943","1425470645","Feature, Article"
"944","1371597941","Image/Photograph"
"945","1371507662","Feature, Article"
"946","1416659336","Letter to the Editor, Correspondence"
"947","1416468597","Feature, Article"
"948","1371428994","Feature, Article"
"949","1416748570","Feature, Article"
"950","1319910824","Feature, Article"
"951","1425480796","Feature, Article"
"952","1416716940","Letter to the Editor, Correspondence"
"953","1426590920","Feature, Article"
"954","1324827307","Feature, Article"
"955","1371491378","Feature, Article"
"956","1371707952","Image/Photograph"
"957","1418940697","Feature, Article"
"958","1416739581","Feature, Article"
"959","1371416531","Feature, Article"
"960","1371773165","Feature, Article"
"961","1425777579","Feature, Article"
"962","1319888825","Feature, Article"
"963","1416444460","Feature, Article"
"964","1418973833","Feature, Article"
"965","1416556308","Feature, Article"
"966","1416721710","Feature, Article"
"967","1369985284","Feature, Article"
"968","1324803694","Feature, Article"
"969","1321420834","Image/Photograph"
"970","1416469053","Feature, Article"
"971","1321219204","Front Page/Cover Story"
"972","1321956711","Feature, Article"
"973","1371307932","Letter to the Editor, Correspondence"
"974","1416729270","Feature, Article"
"975","1371866465","Feature, Article"
"976","1425823655","Feature, Article"
"977","1416506507","Feature, Article"
"978","1425454449","Feature, Article"
"979","1371589571","Feature, Article"
"980","1419909666","Feature, Article"
"981","1371542730","Feature, Article"
"982","1416529590","Feature, Article"
"983","1418958708","Feature, Article"
"984","1321501522","Feature, Article"
"985","1371738605","Feature, Article"
"986","1418956316","Letter to the Editor, Correspondence"
"987","1321515410","Front Page/Cover Story"
"988","1369977354","Feature, Article"
"989","1425822555","Feature, Article"
"990","1425481307","Feature, Article"
"991","1369979917","Feature, Article"
"992","1416715098","Feature, Article"
"993","1321931181","Front Page/Cover Story"
"994","1418941060","Feature, Article"
"995","1371501265","Feature, Article"
"996","1416666574","Feature, Article"
"997","1416760191","Feature, Article"
"998","1371090371","Letter to the Editor, Correspondence"
"999","1369965739","Feature, Article"
"1000","1416471380","Feature, Article"
"1001","1369992656","Feature, Article"
"1002","1371574162","Feature, Article"
"1003","1371600751","Feature, Article"
"1004","1416506210","Feature, Article"
"1005","1416764274","Feature, Article"
"1006","1425380709","Feature, Article"
"1007","1371733807","Feature, Article"
"1008","1319843662","Feature, Article"
"1009","1371441209","Image/Photograph"
"1010","1321496078","Front Page/Cover Story"
"1011","1322000011","Feature, Article"
"1012","1419960879","Letter to the Editor, Correspondence"
"1013","1321460265","Advertisement"
"1014","1371854639","Feature, Article"
"1015","1425467876","Feature, Article"
"1016","1370004874","Feature, Article"
"1017","1369986752","Feature, Article"
"1018","1321419115","Feature, Article"
"1019","1371747293","Feature, Article"
"1020","1371635415","Feature, Article"
"1021","1418969249","Letter to the Editor, Correspondence"
"1022","1416467836","Feature, Article"
"1023","1371536227","Feature, Article"
"1024","1416655000","Feature, Article"
"1025","1425478222","Feature, Article"
"1026","1369975634","Feature, Article"
"1027","1321323728","Feature, Article"
"1028","1371361708","Feature, Article"
"1029","1418946708","Letter to the Editor, Correspondence"
"1030","1322104676","Feature, Article"
"1031","1369907721","Table of Contents, Front Matter"
"1032","1321477900","Feature, Article"
"1033","1371474120","Feature, Article"
"1034","1371586363","Feature, Article"
"1035","1416666162","Feature, Article"
"1036","1321195012","Front Page/Cover Story"
"1037","1371468121","Feature, Article"
"1038","1416750879","Feature, Article"
"1039","1416529875","Feature, Article"
"1040","1416569920","Feature, Article"
"1041","1425413362","Feature, Article"
"1042","1371858972","Feature, Article"
"1043","1371411770","Feature, Article"
"1044","1371712960","Feature, Article"
"1045","1420004771","Feature, Article"
"1046","1416683006","Feature, Article"
"1047","1324685044","Feature, Article"
"1048","1369973181","Feature, Article"
"1049","1322073750","Feature, Article"
"1050","1369910355","Feature, Article"
"1051","1321963251","Feature, Article"
"1052","1371775562","Feature, Article"
"1053","1420017056","Feature, Article"
"1054","1319849297","Feature, Article"
"1055","1416449274","Feature, Article"
"1056","1371589791","Feature, Article"
"1057","1416482068","Feature, Article"
"1058","1420035002","Feature, Article"
"1059","1324807588","Front Page/Cover Story"
"1060","1418972574","Letter to the Editor, Correspondence"
"1061","1425481117","Feature, Article"
"1062","1426594436","Front Page/Cover Story"
"1063","1324853459","Feature, Article"
"1064","1416442778","Feature, Article"
"1065","1321276880","Feature, Article"
"1066","1371427998","Feature, Article"
"1067","1416601255","Feature, Article"
"1068","1416706838","Feature, Article"
"1069","1418946339","Feature, Article"
"1070","1416724154","Feature, Article"
"1071","1416584054","Feature, Article"
"1072","1419960987","Letter to the Editor, Correspondence"
"1073","1426577431","Feature, Article"
"1074","1324903355","Editorial, Commentary"
"1075","1371752653","Feature, Article"
"1076","1425769930","Feature, Article"
"1077","1369959504","Feature, Article"
"1078","1418976647","Feature, Article"
"1079","1418979142","Feature, Article"
"1080","1425776584","Feature, Article"
"1081","1371469093","Feature, Article"
"1082","1369476728","Table of Contents, Front Matter"
"1083","1425799866","Feature, Article"
"1084","1324882585","Editorial, Commentary"
"1085","1371774661","Feature, Article"
"1086","1416676280","Feature, Article"
"1087","1371362890","Feature, Article"
"1088","1371315250","Feature, Article"
"1089","1416544168","Feature, Article"
"1090","1369871374","Table of Contents, Front Matter"
"1091","1321231516","Feature, Article"
"1092","1425493282","Feature, Article"
"1093","1371709029","Feature, Article"
"1094","1416479415","Feature, Article"
"1095","1371437864","Feature, Article"
"1096","1321949314","Feature, Article"
"1097","1319916438","Feature, Article"
"1098","1371887937","Letter to the Editor, Correspondence"
"1099","1418958918","Feature, Article"
"1100","1371311935","Feature, Article"
"1101","1425424956","Letter to the Editor, Correspondence"
"1102","1425806300","Feature, Article"
"1103","1416577672","Letter to the Editor, Correspondence"
"1104","1371474009","Feature, Article"
"1105","1371539555","Feature, Article"
"1106","1416441570","Feature, Article"
"1107","1371608770","Feature, Article"
"1108","1416766174","Advertisement"
"1109","1371754083","Feature, Article"
"1110","1418980863","Feature, Article"
"1111","1425761909","Feature, Article"
"1112","1420009508","Feature, Article"
"1113","1371476773","Feature, Article"
"1114","1418973523","Feature, Article"
"1115","1371431594","Letter to the Editor, Correspondence"
"1116","1416698382","Feature, Article"
"1117","1425805797","Feature, Article"
"1118","1371595953","Feature, Article"
"1119","1371361335","Feature, Article"
"1120","1416492189","Letter to the Editor, Correspondence"
"1121","1416440924","Letter to the Editor, Correspondence"
"1122","1324795530","Feature, Article"
"1123","1371599723","Letter to the Editor, Correspondence"
"1124","1319856227","Editorial, Commentary"
"1125","1425765416","Feature, Article"
"1126","1416573343","Feature, Article"
"1127","1319859423","Feature, Article"
"1128","1425815538","Feature, Article"
"1129","1418918535","Feature, Article"
"1130","1371397396","Feature, Article"
"1131","1369494418","Feature, Article"
"1132","1371397620","Feature, Article"
"1133","1324673136","Feature, Article"
"1134","1416558422","Feature, Article"
"1135","1416740964","Feature, Article"
"1136","1425437480","Editorial, Commentary"
"1137","1371572533","Feature, Article"
"1138","1416665476","Letter to the Editor, Correspondence"
"1139","1416752396","Front Page/Cover Story"
"1140","1416441199","Feature, Article"
"1141","1416767302","Feature, Article"
"1142","1369988037","Feature, Article"
"1143","1371887425","Feature, Article"
"1144","1416470781","Feature, Article"
"1145","1371492561","Feature, Article"
"1146","1324895569","Feature, Article"
"1147","1371574154","Image/Photograph"
"1148","1321970772","Feature, Article"
"1149","1371751495","Feature, Article"
"1150","1369974726","Feature, Article"
"1151","1371090971","Feature, Article"
"1152","1322102694","Front Page/Cover Story"
"1153","1369979640","Feature, Article"
"1154","1425444320","Feature, Article"
"1155","1371880299","Feature, Article"
"1156","1369535830","Feature, Article"
"1157","1371410844","Feature, Article"
"1158","1425473198","Front Page/Cover Story"
"1159","1371086528","Table of Contents, Front Matter"
"1160","1369972892","Front Page/Cover Story"
"1161","1321476706","Feature, Article"
"1162","1320038647","Feature, Article"
"1163","1416765911","Feature, Article"
"1164","1371542881","Feature, Article"
"1165","1371542686","Feature, Article"
"1166","1419818657","Feature, Article"
"1167","1416550640","Feature, Article"
"1168","1426588436","Feature, Article"
"1169","1425782886","Feature, Article"
"1170","1371750269","Feature, Article"
"1171","1425824036","Advertisement"
"1172","1416554319","Feature, Article"
"1173","1370007818","Feature, Article"
"1174","1369963500","Feature, Article"
"1175","1416480339","Front Page/Cover Story"
"1176","1371858043","Feature, Article"
"1177","1371493532","Feature, Article"
"1178","1371891037","Feature, Article"
"1179","1418981102","Feature, Article"
"1180","1418935572","Feature, Article"
"1181","1324849304","Feature, Article"
"1182","1425421311","Letter to the Editor, Correspondence"
"1183","1425484172","Feature, Article"
"1184","1416741042","Feature, Article"
"1185","1416585079","Feature, Article"
"1186","1416441101","General Information"
"1187","1324782065","Feature, Article"
"1188","1321962191","Feature, Article"
"1189","1418926866","Feature, Article"
"1190","1419911074","Feature, Article"
"1191","1321518672","Feature, Article"
"1192","1371425715","Letter to the Editor, Correspondence"
"1193","1416765582","Feature, Article"
"1194","1420040654","Feature, Article"
"1195","1319922393","Feature, Article"
"1196","1321981171","Feature, Article"
"1197","1321977761","Feature, Article"
"1198","1319868300","Feature, Article"
"1199","1418936254","Feature, Article"
"1200","1371613664","Feature, Article"
"1201","1416659596","Feature, Article"
"1202","1371397067","Feature, Article"
"1203","1371409925","Feature, Article"
"1204","1425430839","Feature, Article"
"1205","1371542277","Feature, Article"
"1206","1371477034","Feature, Article"
"1207","1426590678","Feature, Article"
"1208","1371536454","Feature, Article"
"1209","1416735050","Letter to the Editor, Correspondence"
"1210","1425796347","Feature, Article"
"1211","1369910108","Table of Contents, Front Matter"
"1212","1371593471","Feature, Article"
"1213","1416745385","Front Page/Cover Story"
"1214","1416600940","Feature, Article"
"1215","1324849110","Feature, Article"
"1216","1369980867","Letter to the Editor, Correspondence"
"1217","1426584445","Feature, Article"
"1218","1369534765","Table of Contents, Front Matter"
"1219","1425794186","Feature, Article"
"1220","1324777483","Feature, Article"
"1221","1371432354","Feature, Article"
"1222","1321059881","Feature, Article"
"1223","1371587861","Feature, Article"
"1224","1371884940","Feature, Article"
"1225","1369958251","Table of Contents, Front Matter"
"1226","1416748992","Feature, Article"
"1227","1418971864","Feature, Article"
"1228","1425454796","Feature, Article"
"1229","1319917841","Feature, Article"
"1230","1425813127","Feature, Article"
"1231","1371335099","Feature, Article"
"1232","1418934429","Front Page/Cover Story"
"1233","1418907711","Letter to the Editor, Correspondence"
"1234","1371747457","Feature, Article"
"1235","1416592199","Feature, Article"
"1236","1416664227","Feature, Article"
"1237","1371890374","Feature, Article"
"1238","1371590303","Letter to the Editor, Correspondence"
"1239","1416652587","Feature, Article"
"1240","1416441590","Stock Quote"
"1241","1416591795","Feature, Article"
"1242","1371435964","Image/Photograph"
"1243","1321197881","Image/Photograph"
"1244","1416492526","Feature, Article"
"1245","1416515826","Feature, Article"
"1246","1371746598","Feature, Article"
"1247","1416556228","Feature, Article"
"1248","1324901979","Feature, Article"
"1249","1371339888","Feature, Article"
"1250","1416576796","Feature, Article"
"1251","1321230229","Feature, Article"
"1252","1420040806","Feature, Article"
"1253","1371430607","Feature, Article"
"1254","1425771920","Feature, Article"
"1255","1371364251","Feature, Article"
"1256","1416575374","Feature, Article"
"1257","1371534015","Feature, Article"
"1258","1369495769","Letter to the Editor, Correspondence"
"1259","1371575816","Feature, Article"
"1260","1371411178","Letter to the Editor, Correspondence"
"1261","1322103952","Feature, Article"
"1262","1425421701","Feature, Article"
"1263","1371712424","Feature, Article"
"1264","1369981492","Feature, Article"
"1265","1425762107","Feature, Article"
"1266","1371400260","Feature, Article"
"1267","1324888028","Feature, Article"
"1268","1420040147","Feature, Article"
"1269","1425768503","Feature, Article"
"1270","1371491718","Feature, Article"
"1271","1319877731","Feature, Article"
"1272","1425783745","Feature, Article"
"1273","1319856968","Feature, Article"
"1274","1418908955","Feature, Article"
"1275","1416611750","Feature, Article"
"1276","1416598700","Feature, Article"
"1277","1371360005","Feature, Article"
"1278","1371492261","Feature, Article"
"1279","1425782515","Feature, Article"
"1280","1319854530","Feature, Article"
"1281","1420035311","Feature, Article"
"1282","1369992318","Feature, Article"
"1283","1418918772","Feature, Article"
"1284","1371077293","Feature, Article"
"1285","1425781165","Feature, Article"
"1286","1425479937","Feature, Article"
"1287","1425769570","Feature, Article"
"1288","1418957570","Feature, Article"
"1289","1371488633","Feature, Article"
"1290","1425813282","Feature, Article"
"1291","1426582626","Feature, Article"
"1292","1418974771","Feature, Article"
"1293","1371866505","Feature, Article"
"1294","1321964157","Feature, Article"
"1295","1371730747","Feature, Article"
"1296","1416645685","Feature, Article"
"1297","1321985379","Image/Photograph"
"1298","1371426960","Feature, Article"
"1299","1371417225","Feature, Article"
"1300","1416610919","Feature, Article"
"1301","1371881928","Feature, Article"
"1302","1425803942","Feature, Article"
"1303","1321947271","Feature, Article"
"1304","1324782072","Feature, Article"
"1305","1371863640","Advertisement"
"1306","1418944019","Feature, Article"
"1307","1369993596","Letter to the Editor, Correspondence"
"1308","1425819221","Feature, Article"
"1309","1426586612","Letter to the Editor, Correspondence"
"1310","1416555997","Feature, Article"
"1311","1322069830","Feature, Article"
"1312","1369910385","Table of Contents, Front Matter"
"1313","1369989065","Feature, Article"
"1314","1321998956","Feature, Article"
"1315","1426600899","Feature, Article"
"1316","1371612079","Feature, Article"
"1317","1416642442","Feature, Article"
"1318","1416505720","Feature, Article"
"1319","1418983025","Letter to the Editor, Correspondence"
"1320","1371557071","Feature, Article"
"1321","1425813805","Advertisement"
"1322","1319970880","Feature, Article"
"1323","1425763697","Feature, Article"
"1324","1371859535","Feature, Article"
"1325","1425456528","Feature, Article"
"1326","1371588655","Feature, Article"
"1327","1420024967","General Information"
"1328","1321275960","Feature, Article"
"1329","1371880852","Feature, Article"
"1330","1425472615","Front Page/Cover Story"
"1331","1371581391","Feature, Article"
"1332","1425437900","Feature, Article"
"1333","1371530816","Image/Photograph"
"1334","1324877014","Feature, Article"
"1335","1425775251","Feature, Article"
"1336","1425780423","Feature, Article"
"1337","1371540558","Feature, Article"
"1338","1416476105","Feature, Article"
"1339","1369913991","Feature, Article"
"1340","1371757954","Feature, Article"
"1341","1425769288","Feature, Article"
"1342","1418939811","Feature, Article"
"1343","1369968307","Feature, Article"
"1344","1371580129","Feature, Article"
"1345","1425769528","Feature, Article"
"1346","1321225746","Feature, Article"
"1347","1426585761","Feature, Article"
"1348","1369499805","Letter to the Editor, Correspondence"
"1349","1418971149","Feature, Article"
"1350","1416461402","Feature, Article"
"1351","1416682949","Feature, Article"
"1352","1324748650","Feature, Article"
"1353","1416765425","Feature, Article"
"1354","1416564462","Feature, Article"
"1355","1322074890","Feature, Article"
"1356","1371743026","Feature, Article"
"1357","1369977488","Feature, Article"
"1358","1371887763","Feature, Article"
"1359","1371861526","Feature, Article"
"1360","1371592100","Feature, Article"
"1361","1416682811","Feature, Article"
"1362","1416476306","Feature, Article"
"1363","1426594630","Image/Photograph"
"1364","1371532154","Image/Photograph"
"1365","1416451807","Feature, Article"
"1366","1416569773","Feature, Article"
"1367","1322058857","Front Page/Cover Story"
"1368","1371551475","Feature, Article"
"1369","1371547454","Feature, Article"
"1370","1426579616","Letter to the Editor, Correspondence"
"1371","1426785038","Feature, Article"
"1372","1371427066","Feature, Article"
"1373","1321059384","Feature, Article"
"1374","1418932845","Feature, Article"
"1375","1371613426","Feature, Article"
"1376","1416676663","Feature, Article"
"1377","1416673441","Feature, Article"
"1378","1416555093","Feature, Article"
"1379","1416721195","Feature, Article"
"1380","1425435995","Feature, Article"
"1381","1425474234","Feature, Article"
"1382","1425771265","Feature, Article"
"1383","1371325436","Feature, Article"
"1384","1425465192","Feature, Article"
"1385","1425383433","Feature, Article"
"1386","1319899319","Feature, Article"
"1387","1416649609","Letter to the Editor, Correspondence"
"1388","1371413100","Feature, Article"
"1389","1426583915","Feature, Article"
"1390","1321503889","Editorial, Commentary"
"1391","1371434517","Feature, Article"
"1392","1324831644","Feature, Article"
"1393","1425799227","Feature, Article"
"1394","1416450179","Front Page/Cover Story"
"1395","1426588129","Letter to the Editor, Correspondence"
"1396","1420031801","Feature, Article"
"1397","1425779209","Feature, Article"
"1398","1418981115","Feature, Article"
"1399","1425374175","Feature, Article"
"1400","1371635174","Feature, Article"
"1401","1418906192","Feature, Article"
"1402","1369974770","Feature, Article"
"1403","1371474592","Feature, Article"
"1404","1418930702","Feature, Article"
"1405","1420035345","Feature, Article"
"1406","1416720364","Feature, Article"
"1407","1371335161","Feature, Article"
"1408","1371778344","Feature, Article"
"1409","1416611839","Feature, Article"
"1410","1371573123","Feature, Article"
"1411","1416670265","Feature, Article"
"1412","1371852777","Feature, Article"
"1413","1371712795","Feature, Article"
"1414","1425804931","Feature, Article"
"1415","1416727081","Feature, Article"
"1416","1418921821","Table of Contents, Front Matter"
"1417","1425467719","Feature, Article"
"1418","1371888846","Feature, Article"
"1419","1425752253","Feature, Article"
"1420","1426581802","Table of Contents, Front Matter"
"1421","1369981413","Feature, Article"
"1422","1418923788","Feature, Article"
"1423","1425439773","Feature, Article"
"1424","1369977726","Feature, Article"
"1425","1371522688","Editorial, Commentary"
"1426","1371551813","Feature, Article"
"1427","1319911840","Feature, Article"
"1428","1369988371","Feature, Article"
"1429","1369973357","Feature, Article"
"1430","1420038857","Feature, Article"
"1431","1426590177","Editorial, Commentary"
"1432","1371753502","Feature, Article"
"1433","1416698228","Feature, Article"
"1434","1416633766","Feature, Article"
"1435","1416571756","Feature, Article"
"1436","1416671351","Feature, Article"
"1437","1416580868","Feature, Article"
"1438","1319897114","Feature, Article"
"1439","1418970126","Table of Contents, Front Matter"
"1440","1416482404","Feature, Article"
"1441","1371338303","Feature, Article"
"1442","1416477609","Feature, Article"
"1443","1416590323","Feature, Article"
"1444","1416592976","Feature, Article"
"1445","1416464070","Feature, Article"
"1446","1416732829","Feature, Article"
"1447","1322030388","Feature, Article"
"1448","1416674297","Feature, Article"
"1449","1416570360","Feature, Article"
"1450","1418925160","Feature, Article"
"1451","1371856605","Feature, Article"
"1452","1319941033","Feature, Article"
"1453","1321507552","Image/Photograph"
"1454","1418942709","Feature, Article"
"1455","1425805472","Feature, Article"
"1456","1420030652","Feature, Article"
"1457","1371411570","Feature, Article"
"1458","1369499644","Feature, Article"
"1459","1371324002","Table of Contents, Front Matter"
"1460","1371577398","Feature, Article"
"1461","1371424266","Feature, Article"
"1462","1418989303","Feature, Article"
"1463","1416467878","Feature, Article"
"1464","1416750695","Feature, Article"
"1465","1371771582","Feature, Article"
"1466","1371488320","Feature, Article"
"1467","1426579470","Feature, Article"
"1468","1371513579","Feature, Article"
"1469","1371561807","Image/Photograph"
"1470","1416730560","Feature, Article"
"1471","1371531206","Image/Photograph"
"1472","1416711448","Feature, Article"
"1473","1319921975","Feature, Article"
"1474","1371335640","Table of Contents, Front Matter"
"1475","1371314633","Table of Contents, Front Matter"
"1476","1321449321","Editorial, Commentary"
"1477","1420035173","Feature, Article"
"1478","1418976842","Table of Contents, Front Matter"
"1479","1418979211","Feature, Article"
"1480","1371378507","Feature, Article"
"1481","1416650894","Feature, Article"
"1482","1418985832","Feature, Article"
"1483","1371545390","Feature, Article"
"1484","1425372915","Feature, Article"
"1485","1371591939","Feature, Article"
"1486","1371751489","Feature, Article"
"1487","1416546686","Feature, Article"
"1488","1416557305","Feature, Article"
"1489","1420025525","Table of Contents, Front Matter"
"1490","1371432210","Feature, Article"
"1491","1371709913","Feature, Article"
"1492","1416658533","Feature, Article"
"1493","1324795864","Front Page/Cover Story"
"1494","1416444386","Feature, Article"
"1495","1371436671","Feature, Article"
"1496","1418910172","Table of Contents, Front Matter"
"1497","1416702302","Feature, Article"
"1498","1371738251","Feature, Article"
"1499","1322050818","Feature, Article"
"1500","1416480427","Feature, Article"
"1501","1369960224","Letter to the Editor, Correspondence"
"1502","1321199421","Feature, Article"
"1503","1371338833","Table of Contents, Front Matter"
"1504","1416568955","Feature, Article"
"1505","1319875944","Feature, Article"
"1506","1371436284","Feature, Article"
"1507","1319969496","Feature, Article"
"1508","1371711276","Feature, Article"
"1509","1425436390","Feature, Article"
"1510","1321501311","Feature, Article"
"1511","1426590046","Feature, Article"
"1512","1371615845","Feature, Article"
"1513","1371475012","Feature, Article"
"1514","1418909030","Feature, Article"
"1515","1371864988","Feature, Article"
"1516","1425786497","Feature, Article"
"1517","1416634121","Feature, Article"
"1518","1369971297","Feature, Article"
"1519","1371598368","Feature, Article"
"1520","1371509131","Feature, Article"
"1521","1420019075","Feature, Article"
"1522","1420022360","Table of Contents, Front Matter"
"1523","1426815954","Table of Contents, Front Matter"
"1524","1416638628","Feature, Article"
"1525","1321195322","Image/Photograph"
"1526","1418925744","Feature, Article"
"1527","1371874337","Feature, Article"
"1528","1418906330","Feature, Article"
"1529","1371413150","Feature, Article"
"1530","1371779516","Feature, Article"
"1531","1425795962","Feature, Article"
"1532","1425791995","Feature, Article"
"1533","1425417237","Feature, Article"
"1534","1371712364","Editorial, Commentary"
"1535","1425467373","Feature, Article"
"1536","1371573669","Feature, Article"
"1537","1418958669","Feature, Article"
"1538","1369960153","Feature, Article"
"1539","1369970894","Feature, Article"
"1540","1420031311","Feature, Article"
"1541","1324907322","Feature, Article"
"1542","1416556837","Feature, Article"
"1543","1324899871","Feature, Article"
"1544","1319869775","Feature, Article"
"1545","1416479226","Feature, Article"
"1546","1425421187","Feature, Article"
"1547","1371517984","Feature, Article"
"1548","1425422564","Feature, Article"
"1549","1371397632","Feature, Article"
"1550","1425433915","Feature, Article"
"1551","1425777062","Feature, Article"
"1552","1418973559","Letter to the Editor, Correspondence"
"1553","1416578188","Feature, Article"
"1554","1425423121","Feature, Article"
"1555","1371410146","Feature, Article"
"1556","1319918081","Feature, Article"
"1557","1416535965","Feature, Article"
"1558","1416477329","Feature, Article"
"1559","1324800833","Feature, Article"
"1560","1324776193","Feature, Article"
"1561","1425485295","Stock Quote"
"1562","1425789914","Feature, Article"
"1563","1371716569","Feature, Article"
"1564","1371862214","Feature, Article"
"1565","1321416853","Feature, Article"
"1566","1416703040","Feature, Article"
"1567","1321980285","Front Page/Cover Story"
"1568","1371409270","Table of Contents, Front Matter"
"1569","1324863653","Feature, Article"
"1570","1371423554","Editorial, Commentary"
"1571","1418983916","Table of Contents, Front Matter"
"1572","1418976986","Table of Contents, Front Matter"
"1573","1426582024","Feature, Article"
"1574","1416724622","Feature, Article"
"1575","1420022426","Feature, Article"
"1576","1416620652","Feature, Article"
"1577","1371742228","Image/Photograph"
"1578","1418982938","Feature, Article"
"1579","1416671266","Feature, Article"
"1580","1371879252","Feature, Article"
"1581","1369982279","Feature, Article"
"1582","1418982114","Feature, Article"
"1583","1319878252","Editorial, Commentary"
"1584","1418947918","Table of Contents, Front Matter"
"1585","1425772498","Feature, Article"
"1586","1321247170","Image/Photograph"
"1587","1416669162","Feature, Article"
"1588","1425445186","Feature, Article"
"1589","1425789223","Feature, Article"
"1590","1425787322","Feature, Article"
"1591","1369977813","Letter to the Editor, Correspondence"
"1592","1426587181","Feature, Article"
"1593","1371415895","Feature, Article"
"1594","1371855625","Feature, Article"
"1595","1420016721","Feature, Article"
"1596","1416652367","Feature, Article"
"1597","1324867933","Front Page/Cover Story"
"1598","1425414490","Feature, Article"
"1599","1425794523","Feature, Article"
"1600","1416620182","Feature, Article"
"1601","1371778000","Feature, Article"
"1602","1416728641","Feature, Article"
"1603","1371395202","Feature, Article"
"1604","1371855639","Feature, Article"
"1605","1425380248","Feature, Article"
"1606","1371585449","Feature, Article"
"1607","1319903688","Feature, Article"
"1608","1426581023","Front Page/Cover Story"
"1609","1416569515","Feature, Article"
"1610","1425431122","Feature, Article"
"1611","1321980339","Feature, Article"
"1612","1371876997","Editorial, Commentary"
"1613","1416549730","Feature, Article"
"1614","1416488362","Feature, Article"
"1615","1416698707","Feature, Article"
"1616","1371769628","Feature, Article"
"1617","1426584696","Feature, Article"
"1618","1416545625","Feature, Article"
"1619","1371739797","Feature, Article"
"1620","1371713755","Feature, Article"
"1621","1321249158","Feature, Article"
"1622","1319868409","Feature, Article"
"1623","1416491722","Feature, Article"
"1624","1371332376","Feature, Article"
"1625","1418984273","Feature, Article"
"1626","1319880345","Feature, Article"
"1627","1371612014","Feature, Article"
"1628","1324674229","Editorial, Commentary"
"1629","1371489268","Feature, Article"
"1630","1319887191","Feature, Article"
"1631","1420042097","Feature, Article"
"1632","1371879108","Feature, Article"
"1633","1371544772","Feature, Article"
"1634","1371778246","Feature, Article"
"1635","1416601802","Feature, Article"
"1636","1418926051","Feature, Article"
"1637","1416668502","Feature, Article"
"1638","1416651349","Feature, Article"
"1639","1371783031","Letter to the Editor, Correspondence"
"1640","1321196120","Image/Photograph"
"1641","1321470073","Feature, Article"
"1642","1369987222","Feature, Article"
"1643","1426586602","Feature, Article"
"1644","1416724106","Feature, Article"
"1645","1425432536","Feature, Article"
"1646","1416668479","Feature, Article"
"1647","1416483068","Feature, Article"
"1648","1426785386","Feature, Article"
"1649","1425436561","Feature, Article"
"1650","1371860826","General Information"
"1651","1418982705","Feature, Article"
"1652","1319847016","Feature, Article"
"1653","1416544552","Feature, Article"
"1654","1416448758","Advertisement"
"1655","1416457353","Feature, Article"
"1656","1319856554","Feature, Article"
"1657","1371706638","Feature, Article"
"1658","1418977541","Table of Contents, Front Matter"
"1659","1416692783","Feature, Article"
"1660","1319917071","Feature, Article"
"1661","1426590696","Feature, Article"
"1662","1324791993","Feature, Article"
"1663","1419908428","Feature, Article"
"1664","1419922960","Feature, Article"
"1665","1324674177","Feature, Article"
"1666","1416643964","Feature, Article"
"1667","1426588741","Feature, Article"
"1668","1321208457","Feature, Article"
"1669","1324894645","Editorial, Commentary"
"1670","1416637199","Feature, Article"
"1671","1321969321","Feature, Article"
"1672","1371589497","Editorial, Commentary"
"1673","1371584732","Feature, Article"
"1674","1371891798","Feature, Article"
"1675","1324810276","Editorial, Commentary"
"1676","1319875978","Feature, Article"
"1677","1371474367","Feature, Article"
"1678","1324804393","Feature, Article"
"1679","1425484974","Feature, Article"
"1680","1321039981","Feature, Article"
"1681","1371413173","Feature, Article"
"1682","1371333550","Feature, Article"
"1683","1319877308","Feature, Article"
"1684","1416556515","Feature, Article"
"1685","1416462472","Feature, Article"
"1686","1319879682","Feature, Article"
"1687","1371891785","Feature, Article"
"1688","1416470984","Feature, Article"
"1689","1371476650","Feature, Article"
"1690","1371732509","Feature, Article"
"1691","1371569469","Feature, Article"
"1692","1426590108","Letter to the Editor, Correspondence"
"1693","1425781934","Feature, Article"
"1694","1371762636","Feature, Article"
"1695","1322002370","Feature, Article"
"1696","1416687154","Feature, Article"
"1697","1425433366","Feature, Article"
"1698","1416567618","Feature, Article"
"1699","1371306255","Feature, Article"
"1700","1425446773","Feature, Article"
"1701","1416670460","Feature, Article"
"1702","1371866948","Feature, Article"
"1703","1418974835","Feature, Article"
"1704","1319886426","Feature, Article"
"1705","1416653111","Feature, Article"
"1706","1321988960","Feature, Article"
"1707","1420039425","Feature, Article"
"1708","1416536451","Feature, Article"
"1709","1324748781","Editorial, Commentary"
"1710","1416677367","Feature, Article"
"1711","1425783662","Feature, Article"
"1712","1369983420","Feature, Article"
"1713","1369980955","Feature, Article"
"1714","1418982075","Feature, Article"
"1715","1371491766","Feature, Article"
"1716","1420037536","Front Page/Cover Story"
"1717","1371414899","Feature, Article"
"1718","1371739809","Editorial, Commentary"
"1719","1416572519","Feature, Article"
"1720","1416530804","Feature, Article"
"1721","1416670412","Feature, Article"
"1722","1371429993","Feature, Article"
"1723","1324869139","Front Page/Cover Story"
"1724","1371631024","Feature, Article"
"1725","1416595034","Feature, Article"
"1726","1316948201","Feature, Article"
"1727","1371614002","Feature, Article"
"1728","1420018891","Feature, Article"
"1729","1416622767","Feature, Article"
"1730","1416567067","Feature, Article"
"1731","1416505368","Feature, Article"
"1732","1425765922","Feature, Article"
"1733","1371747795","Editorial, Commentary"
"1734","1321520587","Image/Photograph"
"1735","1371613816","Feature, Article"
"1736","1369998863","Feature, Article"
"1737","1371432325","Feature, Article"
"1738","1371888029","Feature, Article"
"1739","1371578260","Feature, Article"
"1740","1425438132","Feature, Article"
"1741","1425419853","Feature, Article"
"1742","1319912081","Feature, Article"
"1743","1319974315","Feature, Article"
"1744","1371600332","Feature, Article"
"1745","1371407894","Feature, Article"
"1746","1371394842","Feature, Article"
"1747","1425443669","Feature, Article"
"1748","1418930307","Feature, Article"
"1749","1416715945","Feature, Article"
"1750","1425437111","Feature, Article"
"1751","1371493975","Feature, Article"
"1752","1371775498","Feature, Article"
"1753","1324785190","Feature, Article"
"1754","1416535737","Feature, Article"
"1755","1418972604","Letter to the Editor, Correspondence"
"1756","1416514145","Feature, Article"
"1757","1416574315","Editorial, Commentary"
"1758","1425805508","Feature, Article"
"1759","1321541115","Image/Photograph"
"1760","1322004731","Feature, Article"
"1761","1425493817","Feature, Article"
"1762","1416639247","Feature, Article"
"1763","1371564485","Feature, Article"
"1764","1416487176","Feature, Article"
"1765","1416624181","Feature, Article"
"1766","1371495580","Feature, Article"
"1767","1369495953","Feature, Article"
"1768","1371416947","Feature, Article"
"1769","1371881002","Feature, Article"
"1770","1416555728","Feature, Article"
"1771","1322030612","Front Page/Cover Story"
"1772","1416479499","Feature, Article"
"1773","1371591452","Feature, Article"
"1774","1426590945","Feature, Article"
"1775","1416683127","Feature, Article"
"1776","1425789645","Feature, Article"
"1777","1425371353","Feature, Article"
"1778","1371606823","Feature, Article"
"1779","1319883276","Feature, Article"
"1780","1416553844","Feature, Article"
"1781","1371476688","Feature, Article"
"1782","1371405127","Feature, Article"
"1783","1371433221","Feature, Article"
"1784","1416728985","Feature, Article"
"1785","1416641317","Feature, Article"
"1786","1418976289","Feature, Article"
"1787","1420013497","Feature, Article"
"1788","1322050837","Feature, Article"
"1789","1319907135","Feature, Article"
"1790","1319871259","Feature, Article"
"1791","1319838748","Feature, Article"
"1792","1420012562","Feature, Article"
"1793","1418973257","Feature, Article"
"1794","1371754014","Feature, Article"
"1795","1371585425","Feature, Article"
"1796","1416592333","Feature, Article"
"1797","1321484430","Advertisement"
"1798","1416549332","Feature, Article"
"1799","1416399014","Feature, Article"
"1800","1420022455","Feature, Article"
"1801","1371468227","Feature, Article"
"1802","1371466910","Feature, Article"
"1803","1420038114","Feature, Article"
"1804","1369975768","Feature, Article"
"1805","1371863313","Feature, Article"
"1806","1319874836","Feature, Article"
"1807","1416726322","Feature, Article"
"1808","1426597591","Feature, Article"
"1809","1418935595","Feature, Article"
"1810","1418926219","Feature, Article"
"1811","1369992110","Feature, Article"
"1812","1416535874","Feature, Article"
"1813","1425797332","Feature, Article"
"1814","1371583326","Front Page/Cover Story"
"1815","1324794771","Feature, Article"
"1816","1425815657","Feature, Article"
"1817","1321296239","Image/Photograph"
"1818","1371468797","Editorial, Commentary"
"1819","1319870292","Feature, Article"
"1820","1321497427","Feature, Article"
"1821","1425432104","Feature, Article"
"1822","1420039035","Feature, Article"
"1823","1416575209","Feature, Article"
"1824","1416717327","Feature, Article"
"1825","1416584416","Feature, Article"
"1826","1324882913","Feature, Article"
"1827","1371428850","Feature, Article"
"1828","1416545074","Feature, Article"
"1829","1324673367","Feature, Article"
"1830","1371338396","Feature, Article"
"1831","1425479535","Feature, Article"
"1832","1419975137","Feature, Article"
"1833","1416441103","Feature, Article"
"1834","1418925902","Feature, Article"
"1835","1420038683","Feature, Article"
"1836","1416535924","Editorial, Commentary"
"1837","1371561064","Feature, Article"
"1838","1416633698","Feature, Article"
"1839","1371892499","Feature, Article"
"1840","1425489533","Feature, Article"
"1841","1319870787","Feature, Article"
"1842","1322103758","Feature, Article"
"1843","1425775296","Feature, Article"
"1844","1321939440","Feature, Article"
"1845","1425477921","Feature, Article"
"1846","1425412192","Feature, Article"
"1847","1321471130","Image/Photograph"
"1848","1371095094","Letter to the Editor, Correspondence"
"1849","1416672602","Feature, Article"
"1850","1416576300","Feature, Article"
"1851","1416579730","Feature, Article"
"1852","1420021041","Feature, Article"
"1853","1371415865","Feature, Article"
"1854","1426583980","Feature, Article"
"1855","1369998421","Feature, Article"
"1856","1416670968","Feature, Article"
"1857","1319901937","Feature, Article"
"1858","1319875561","Feature, Article"
"1859","1371641456","Feature, Article"
"1860","1371757657","Feature, Article"
"1861","1324751289","Front Page/Cover Story"
"1862","1371475024","Feature, Article"
"1863","1418987348","Feature, Article"
"1864","1324901967","Feature, Article"
"1865","1322040076","Front Page/Cover Story"
"1866","1371744081","Feature, Article"
"1867","1418949121","Feature, Article"
"1868","1425771159","Feature, Article"
"1869","1324777503","Feature, Article"
"1870","1418962280","Feature, Article"
"1871","1371506355","Feature, Article"
"1872","1371584139","Feature, Article"
"1873","1416727144","Feature, Article"
"1874","1324878194","Feature, Article"
"1875","1371567412","Feature, Article"
"1876","1419976658","Feature, Article"
"1877","1321483235","Advertisement"
"1878","1319869333","Feature, Article"
"1879","1416579836","Feature, Article"
"1880","1416579108","Feature, Article"
"1881","1321993050","Feature, Article"
"1882","1321965796","Letter to the Editor, Correspondence"
"1883","1425813941","Advertisement"
"1884","1321447232","Advertisement"
"1885","1321518055","Feature, Article"
"1886","1319930017","Feature, Article"
"1887","1371643625","Feature, Article"
"1888","1416760104","Letter to the Editor, Correspondence"
"1889","1319854054","Feature, Article"
"1890","1425755952","Feature, Article"
"1891","1371590314","Feature, Article"
"1892","1416482370","Feature, Article"
"1893","1418972607","Feature, Article"
"1894","1416610215","Feature, Article"
"1895","1371513782","Feature, Article"
"1896","1324705050","Feature, Article"
"1897","1321529215","Feature, Article"
"1898","1371781138","Feature, Article"
"1899","1371472509","Feature, Article"
"1900","1418969522","Feature, Article"
"1901","1371340916","Feature, Article"
"1902","1321984324","Feature, Article"
"1903","1416577077","Feature, Article"
"1904","1319893683","Feature, Article"
"1905","1371889832","Feature, Article"
"1906","1321067321","Feature, Article"
"1907","1425769213","Editorial, Commentary"
"1908","1371705620","Feature, Article"
"1909","1416449024","Feature, Article"
"1910","1371511710","Feature, Article"
"1911","1416586208","Feature, Article"
"1912","1418979796","Feature, Article"
"1913","1371607669","Feature, Article"
"1914","1371493264","Feature, Article"
"1915","1371495499","Feature, Article"
"1916","1319881784","Feature, Article"
"1917","1425492391","Feature, Article"
"1918","1321043248","Feature, Article"
"1919","1321441892","Advertisement"
"1920","1371428577","Feature, Article"
"1921","1321294362","Advertisement"
"1922","1371594663","Feature, Article"
"1923","1425796949","Feature, Article"
"1924","1416728867","Feature, Article"
"1925","1371341992","Feature, Article"
"1926","1371489381","Feature, Article"
"1927","1416675225","Feature, Article"
"1928","1416582135","Feature, Article"
"1929","1425373695","Feature, Article"
"1930","1320998045","Feature, Article"
"1931","1416625370","Feature, Article"
"1932","1371425078","Letter to the Editor, Correspondence"
"1933","1371334590","Feature, Article"
"1934","1416492316","Feature, Article"
"1935","1418971098","Feature, Article"
"1936","1425494472","Feature, Article"
"1937","1369972777","Feature, Article"
"1938","1371428098","Feature, Article"
"1939","1416721975","Feature, Article"
"1940","1371293962","Feature, Article"
"1941","1371530564","Feature, Article"
"1942","1425378075","Feature, Article"
"1943","1322112946","Front Page/Cover Story"
"1944","1319875224","Feature, Article"
"1945","1425816150","Feature, Article"
"1946","1418971326","Letter to the Editor, Correspondence"
"1947","1371706959","Feature, Article"
"1948","1416671709","Feature, Article"
"1949","1317048632","Feature, Article"
"1950","1319943708","Feature, Article"
"1951","1324848229","Feature, Article"
"1952","1324886286","Feature, Article"
"1953","1420035191","Feature, Article"
"1954","1419961600","Feature, Article"
"1955","1416622546","Feature, Article"
"1956","1416635102","Feature, Article"
"1957","1420041834","Feature, Article"
"1958","1420018116","Editorial, Commentary"
"1959","1416717796","Feature, Article"
"1960","1416678366","Feature, Article"
"1961","1319920843","Editorial, Commentary"
"1962","1416721415","Feature, Article"
"1963","1416540306","Feature, Article"
"1964","1416685316","Feature, Article"
"1965","1319977018","Feature, Article"
"1966","1369972572","Feature, Article"
"1967","1418981156","Feature, Article"
"1968","1418975356","Feature, Article"
"1969","1416624084","Feature, Article"
"1970","1371322816","Feature, Article"
"1971","1416447254","Feature, Article"
"1972","1371857164","Feature, Article"
"1973","1319877657","Feature, Article"
"1974","1371312334","Feature, Article"
"1975","1416633359","Feature, Article"
"1976","1416765779","Feature, Article"
"1977","1420023531","Feature, Article"
"1978","1321984103","Front Page/Cover Story"
"1979","1418949037","Feature, Article"
"1980","1416437983","Feature, Article"
"1981","1321354935","Feature, Article"
"1982","1425456237","Feature, Article"
"1983","1324871892","Front Page/Cover Story"
"1984","1319868839","Feature, Article"
"1985","1416443569","Feature, Article"
"1986","1416722702","Feature, Article"
"1987","1416703709","Feature, Article"
"1988","1425986973","Feature, Article"
"1989","1420002556","Feature, Article"
"1990","1319853480","Feature, Article"
"1991","1371888291","Feature, Article"
"1992","1418972904","Letter to the Editor, Correspondence"
"1993","1371435798","Feature, Article"
"1994","1416575378","Feature, Article"
"1995","1426588906","Feature, Article"
"1996","1371409319","Feature, Article"
"1997","1420008939","Feature, Article"
"1998","1369975943","Feature, Article"
"1999","1371607209","Feature, Article"
"2000","1425804092","Editorial, Commentary"
"2001","1371416617","Feature, Article"
"2002","1371428895","Feature, Article"
"2003","1419818815","Front Page/Cover Story"
"2004","1321355007","Feature, Article"
"2005","1371471576","Feature, Article"
"2006","1419923143","Feature, Article"
"2007","1369977986","Feature, Article"
"2008","1426590939","Feature, Article"
"2009","1418930722","Feature, Article"
"2010","1371572688","Feature, Article"
"2011","1319843498","Feature, Article"
"2012","1371776334","Feature, Article"
"2013","1416492561","Feature, Article"
"2014","1418925733","Feature, Article"
"2015","1319881923","Feature, Article"
"2016","1420021095","Feature, Article"
"2017","1319871617","Feature, Article"
"2018","1418941624","Feature, Article"
"2019","1416708570","Feature, Article"
"2020","1416490320","Feature, Article"
"2021","1425434785","Editorial, Commentary"
"2022","1324895508","Feature, Article"
"2023","1324815832","Feature, Article"
"2024","1426815997","Review"
"2025","1324869019","Feature, Article"
"2026","1321199214","Feature, Article"
"2027","1371090650","Feature, Article"
"2028","1369972102","Feature, Article"
"2029","1371409730","Feature, Article"
"2030","1416624903","Feature, Article"
"2031","1426584633","Feature, Article"
"2032","1324704368","Feature, Article"
"2033","1319891704","Editorial, Commentary"
"2034","1416762750","Feature, Article"
"2035","1321456728","Feature, Article"
"2036","1371887437","Feature, Article"
"2037","1416705420","Feature, Article"
"2038","1418912443","Feature, Article"
"2039","1416595744","Front Page/Cover Story"
"2040","1418987262","Feature, Article"
"2041","1322103866","Feature, Article"
"2042","1420040305","Feature, Article"
"2043","1425769557","Feature, Article"
"2044","1321524982","Feature, Article"
"2045","1319868875","Feature, Article"
"2046","1416540529","Feature, Article"
"2047","1371572145","Feature, Article"
"2048","1416470405","Feature, Article"
"2049","1425790926","Feature, Article"
"2050","1371752044","Editorial, Commentary"
"2051","1321484166","Feature, Article"
"2052","1416471941","Feature, Article"
"2053","1371431428","Feature, Article"
"2054","1319860872","Feature, Article"
"2055","1371749473","Editorial, Commentary"
"2056","1319932442","Feature, Article"
"2057","1419818853","Feature, Article"
"2058","1418960051","Feature, Article"
"2059","1371602522","Feature, Article"
"2060","1416445194","Feature, Article"
"2061","1416539656","Feature, Article"
"2062","1371588961","Front Page/Cover Story"
"2063","1371559324","Feature, Article"
"2064","1371631384","Feature, Article"
"2065","1416549200","Feature, Article"
"2066","1416531090","Feature, Article"
"2067","1371887576","Feature, Article"
"2068","1319880264","Feature, Article"
"2069","1371536818","Feature, Article"
"2070","1416580295","Editorial, Commentary"
"2071","1371582698","Feature, Article"
"2072","1418925132","Feature, Article"
"2073","1371859448","Feature, Article"
"2074","1425821294","Feature, Article"
"2075","1371505236","Editorial, Commentary"
"2076","1371424827","Feature, Article"
"2077","1321969032","Front Page/Cover Story"
"2078","1371479335","Feature, Article"
"2079","1418973043","Feature, Article"
"2080","1371489587","Feature, Article"
"2081","1371468114","Editorial, Commentary"
"2082","1324897940","Feature, Article"
"2083","1416691658","Feature, Article"
"2084","1321227148","Feature, Article"
"2085","1418943075","Feature, Article"
"2086","1418964359","Feature, Article"
"2087","1371335899","Feature, Article"
"2088","1321322214","Feature, Article"
"2089","1324880219","Front Page/Cover Story"
"2090","1418907174","Feature, Article"
"2091","1321446787","Feature, Article"
"2092","1425768860","Feature, Article"
"2093","1319895038","Feature, Article"
"2094","1371428746","Feature, Article"
"2095","1416621063","Feature, Article"
"2096","1371726181","Feature, Article"
"2097","1426586045","Feature, Article"
"2098","1319868907","Feature, Article"
"2099","1321295956","Front Page/Cover Story"
"2100","1321505727","General Information"
"2101","1321933105","Feature, Article"
"2102","1416464641","Feature, Article"
"2103","1371427975","Feature, Article"
"2104","1371876078","Feature, Article"
"2105","1416566245","Editorial, Commentary"
"2106","1425782237","Feature, Article"
"2107","1371338137","Feature, Article"
"2108","1371401745","Feature, Article"
"2109","1426579205","Feature, Article"
"2110","1425783303","Feature, Article"
"2111","1324685875","Editorial, Commentary"
"2112","1425434017","Feature, Article"
"2113","1416751101","Feature, Article"
"2114","1418940555","Feature, Article"
"2115","1418926887","Feature, Article"
"2116","1319898744","Feature, Article"
"2117","1416612186","Feature, Article"
"2118","1416719077","Feature, Article"
"2119","1319877986","Feature, Article"
"2120","1426577126","Feature, Article"
"2121","1371715277","Feature, Article"
"2122","1319883041","Review"
"2123","1369968200","Feature, Article"
"2124","1324673105","Feature, Article"
"2125","1319856211","Advertisement"
"2126","1416711302","Feature, Article"
"2127","1319868929","Feature, Article"
"2128","1418984149","Feature, Article"
"2129","1425373512","Feature, Article"
"2130","1371424365","Feature, Article"
"2131","1371335053","Feature, Article"
"2132","1321436963","Stock Quote"
"2133","1418977510","Feature, Article"
"2134","1371605358","Feature, Article"
"2135","1416719534","Feature, Article"
"2136","1416579912","Front Page/Cover Story"
"2137","1425750371","Feature, Article"
"2138","1418922400","Feature, Article"
"2139","1321933106","Front Page/Cover Story"
"2140","1425823950","Feature, Article"
"2141","1369987386","Feature, Article"
"2142","1418971220","Feature, Article"
"2143","1371489063","Feature, Article"
"2144","1371734321","Feature, Article"
"2145","1369978400","Feature, Article"
"2146","1419909487","Feature, Article"
"2147","1371568524","Feature, Article"
"2148","1416565236","Feature, Article"
"2149","1324803531","Front Page/Cover Story"
"2150","1319893804","Feature, Article"
"2151","1416598198","Feature, Article"
"2152","1416539609","Editorial, Commentary"
"2153","1416722673","Feature, Article"
"2154","1371476542","Feature, Article"
"2155","1425422685","Feature, Article"
"2156","1418971990","Feature, Article"
"2157","1371337743","Feature, Article"
"2158","1371510195","Feature, Article"
"2159","1319886402","Feature, Article"
"2160","1321244768","Feature, Article"
"2161","1425800837","Feature, Article"
"2162","1319882679","Feature, Article"
"2163","1425425140","Feature, Article"
"2164","1425780276","Feature, Article"
"2165","1425417236","Feature, Article"
"2166","1425493444","Feature, Article"
"2167","1321294318","Feature, Article"
"2168","1324830100","Feature, Article"
"2169","1418975350","Feature, Article"
"2170","1371431558","Feature, Article"
"2171","1319868121","Feature, Article"
"2172","1369977590","Feature, Article"
"2173","1371493313","Feature, Article"
"2174","1324752775","Feature, Article"
"2175","1319859430","Feature, Article"
"2176","1416483903","Feature, Article"
"2177","1416720792","Feature, Article"
"2178","1369976580","Feature, Article"
"2179","1371339650","Feature, Article"
"2180","1371720297","Feature, Article"
"2181","1371756607","Feature, Article"
"2182","1321496234","Front Page/Cover Story"
"2183","1369531863","Feature, Article"
"2184","1371732692","Feature, Article"
"2185","1425420588","Feature, Article"
"2186","1420004309","Feature, Article"
"2187","1371437111","Feature, Article"
"2188","1371428349","Feature, Article"
"2189","1319868664","Feature, Article"
"2190","1416750713","Feature, Article"
"2191","1321037842","Feature, Article"
"2192","1371883606","Feature, Article"
"2193","1320038183","Editorial, Commentary"
"2194","1319887479","Feature, Article"
"2195","1416737219","Feature, Article"
"2196","1371860214","Feature, Article"
"2197","1371720984","Feature, Article"
"2198","1371426097","Feature, Article"
"2199","1371493202","Feature, Article"
"2200","1319929315","Feature, Article"
"2201","1418961435","Feature, Article"
"2202","1416660520","Feature, Article"
"2203","1425422073","Feature, Article"
"2204","1418941550","Feature, Article"
"2205","1369991053","Feature, Article"
"2206","1321451397","Feature, Article"
"2207","1371416358","Feature, Article"
"2208","1416720263","Feature, Article"
"2209","1420042137","Feature, Article"
"2210","1418934858","Feature, Article"
"2211","1369973196","Feature, Article"
"2212","1371590017","General Information"
"2213","1416616522","Feature, Article"
"2214","1324886992","Feature, Article"
"2215","1322030566","Feature, Article"
"2216","1319904277","Feature, Article"
"2217","1371309189","Feature, Article"
"2218","1324675222","Feature, Article"
"2219","1319876177","Editorial, Commentary"
"2220","1371473684","Feature, Article"
"2221","1371613579","Feature, Article"
"2222","1369971195","Feature, Article"
"2223","1371741410","Feature, Article"
"2224","1371601100","Feature, Article"
"2225","1418954905","Feature, Article"
"2226","1418980728","Review"
"2227","1425412837","Feature, Article"
"2228","1369534014","Feature, Article"
"2229","1320965579","Feature, Article"
"2230","1321212704","Front Page/Cover Story"
"2231","1371471047","Feature, Article"
"2232","1426586051","Feature, Article"
"2233","1371471892","Feature, Article"
"2234","1371488749","Feature, Article"
"2235","1371315848","Feature, Article"
"2236","1416763111","Advertisement"
"2237","1418922753","Feature, Article"
"2238","1420033734","Review"
"2239","1371472862","Feature, Article"
"2240","1416720154","Feature, Article"
"2241","1371859022","Feature, Article"
"2242","1418978767","Feature, Article"
"2243","1321227034","Editorial, Commentary"
"2244","1371754142","Feature, Article"
"2245","1324862989","Feature, Article"
"2246","1420037943","Feature, Article"
"2247","1319914240","Editorial, Commentary"
"2248","1371416526","Feature, Article"
"2249","1416565054","Feature, Article"
"2250","1416681962","Feature, Article"
"2251","1319896021","Feature, Article"
"2252","1416468128","Feature, Article"
"2253","1425375342","Feature, Article"
"2254","1319891531","Feature, Article"
"2255","1371713011","Feature, Article"
"2256","1425748382","Advertisement"
"2257","1425424802","Feature, Article"
"2258","1371782886","Advertisement"
"2259","1319905958","Feature, Article"
"2260","1371331614","Feature, Article"
"2261","1369951181","Feature, Article"
"2262","1319924244","Feature, Article"
"2263","1369917468","Feature, Article"
"2264","1319897123","Feature, Article"
"2265","1371437477","Feature, Article"
"2266","1418951857","Feature, Article"
"2267","1416622693","Feature, Article"
"2268","1320965250","Feature, Article"
"2269","1371720553","Feature, Article"
"2270","1319895153","Feature, Article"
"2271","1324805077","Classified Advertisement, Advertisement"
"2272","1371617217","Feature, Article"
"2273","1371468445","Feature, Article"
"2274","1419908968","Feature, Article"
"2275","1319886360","Feature, Article"
"2276","1416574640","Feature, Article"
"2277","1371489856","Feature, Article"
"2278","1319894738","Feature, Article"
"2279","1321276138","Feature, Article"
"2280","1371431687","Feature, Article"
"2281","1425759525","Feature, Article"
"2282","1319854677","Feature, Article"
"2283","1416444581","Feature, Article"
"2284","1319971405","Feature, Article"
"2285","1371474451","Feature, Article"
"2286","1418981865","Feature, Article"
"2287","1369949012","Feature, Article"
"2288","1321476005","Feature, Article"
"2289","1416546259","Feature, Article"
"2290","1425780827","Feature, Article"
"2291","1319860288","Feature, Article"
"2292","1418988087","Feature, Article"
"2293","1371500938","Feature, Article"
"2294","1371566459","Feature, Article"
"2295","1321963722","Feature, Article"
"2296","1371606408","Feature, Article"
"2297","1371855340","Feature, Article"
"2298","1371494039","Feature, Article"
"2299","1319877864","Feature, Article"
"2300","1416677568","Feature, Article"
"2301","1319868912","Feature, Article"
"2302","1416623365","Feature, Article"
"2303","1371502578","Editorial, Commentary"
"2304","1369978597","Feature, Article"
"2305","1371605384","Feature, Article"
"2306","1371334575","Feature, Article"
"2307","1321977992","Feature, Article"
"2308","1371543044","Feature, Article"
"2309","1371430514","Feature, Article"
"2310","1371433840","Feature, Article"
"2311","1416541059","Feature, Article"
"2312","1371308922","Feature, Article"
"2313","1321981790","Feature, Article"
"2314","1425419799","Feature, Article"
"2315","1324874252","Feature, Article"
"2316","1425425004","Feature, Article"
"2317","1319915028","Feature, Article"
"2318","1425758293","Feature, Article"
"2319","1319887374","Feature, Article"
"2320","1371425759","Feature, Article"
"2321","1324906301","Feature, Article"
"2322","1371495765","Feature, Article"
"2323","1416762701","Advertisement"
"2324","1319861555","Feature, Article"
"2325","1319868532","Feature, Article"
"2326","1416765800","Advertisement"
"2327","1418909436","Feature, Article"
"2328","1416784446","Feature, Article"
"2329","1371892336","Feature, Article"
"2330","1416600595","Advertisement"
"2331","1321503209","Feature, Article"
"2332","1319882138","Feature, Article"
"2333","1426596907","Front Page/Cover Story"
"2334","1420038896","Feature, Article"
"2335","1369950619","Feature, Article"
"2336","1371519387","Feature, Article"
"2337","1371473618","Feature, Article"
"2338","1416762843","Advertisement"
"2339","1371494224","Feature, Article"
"2340","1371468146","Feature, Article"
"2341","1369983198","Feature, Article"
"2342","1371403039","Feature, Article"
"2343","1321983607","Feature, Article"
"2344","1371468514","Feature, Article"
"2345","1425759265","Feature, Article"
"2346","1321959254","Feature, Article"
"2347","1371423632","Feature, Article"
"2348","1416750969","Feature, Article"
"2349","1418953268","Feature, Article"
"2350","1416652889","Feature, Article"
"2351","1371361742","Feature, Article"
"2352","1416698522","Front Page/Cover Story"
"2353","1319907412","Feature, Article"
"2354","1369919935","Feature, Article"
"2355","1321211186","Feature, Article"
"2356","1371555868","Feature, Article"
"2357","1371092145","Feature, Article"
"2358","1371610926","Feature, Article"
"2359","1371408359","Feature, Article"
"2360","1370009291","Feature, Article"
"2361","1416485369","Feature, Article"
"2362","1324904212","Feature, Article"
"2363","1418943951","Feature, Article"
"2364","1321487577","Feature, Article"
"2365","1418953757","Feature, Article"
"2366","1321954181","Feature, Article"
"2367","1371396507","Feature, Article"
"2368","1371744254","Feature, Article"
"2369","1418981806","Feature, Article"
"2370","1321954553","Feature, Article"
"2371","1371090273","Feature, Article"
"2372","1416677933","Feature, Article"
"2373","1321982626","Feature, Article"
"2374","1416460614","Feature, Article"
"2375","1425415421","Feature, Article"
"2376","1371429730","Feature, Article"
"2377","1371495320","Feature, Article"
"2378","1416475745","Feature, Article"
"2379","1418985244","Feature, Article"
"2380","1371498113","Feature, Article"
"2381","1371471359","Feature, Article"
"2382","1371711838","Feature, Article"
"2383","1324697239","Editorial, Commentary"
"2384","1324871989","Feature, Article"
"2385","1324905743","Feature, Article"
"2386","1418982258","Feature, Article"
"2387","1321337601","Feature, Article"
"2388","1321496195","Feature, Article"
"2389","1371500190","Feature, Article"
"2390","1371507729","Feature, Article"
"2391","1371494456","Feature, Article"
"2392","1319855034","Advertisement"
"2393","1416501622","Feature, Article"
"2394","1371493519","Feature, Article"
"2395","1371473226","Feature, Article"
"2396","1319907286","Feature, Article"
"2397","1324726591","Feature, Article"
"2398","1321990259","Feature, Article"
"2399","1371477191","Feature, Article"
"2400","1319869886","Feature, Article"
"2401","1371090611","Feature, Article"
"2402","1321212546","Feature, Article"
"2403","1416534329","Feature, Article"
"2404","1371502561","Feature, Article"
"2405","1319875618","Advertisement"
"2406","1324895980","Feature, Article"
"2407","1321963357","Feature, Article"
"2408","1371504566","Feature, Article"
"2409","1321943364","Feature, Article"
"2410","1319875700","Advertisement"
"2411","1369919328","Feature, Article"
"2412","1321356175","Feature, Article"
"2413","1324899637","Feature, Article"
"2414","1319935662","Feature, Article"
"2415","1371495108","Feature, Article"
"2416","1425984153","Feature, Article"
"2417","1319855738","Advertisement"
"2418","1371886602","Feature, Article"
"2419","1418977349","Feature, Article"
"2420","1371590260","Front Page/Cover Story"
"2421","1371516696","Feature, Article"
"2422","1324687027","Feature, Article"
"2423","1319875220","Feature, Article"
"2424","1322070162","Feature, Article"
"2425","1371519097","Editorial, Commentary"
"2426","1420040365","Feature, Article"
"2427","1324715351","Feature, Article"
"2428","1371472082","Feature, Article"
"2429","1319856504","Advertisement"
"2430","1371776996","Feature, Article"
"2431","1324865767","Feature, Article"
"2432","1425424004","Feature, Article"
"2433","1371423966","Feature, Article"
"2434","1371506679","Feature, Article"
"2435","1371504670","Feature, Article"
"2436","1319906006","Feature, Article"
"2437","1418961353","Feature, Article"
"2438","1416721283","Feature, Article"
"2439","1371887284","Feature, Article"
"2440","1419908807","Feature, Article"
"2441","1416478275","Table of Contents, Front Matter"
"2442","1319907309","Feature, Article"
"2443","1371774335","Feature, Article"
"2444","1321991694","Feature, Article"
"2445","1319905314","Editorial, Commentary"
"2446","1319919770","Feature, Article"
"2447","1369960223","Feature, Article"
"2448","1369964039","Feature, Article"
"2449","1419963228","Feature, Article"
"2450","1418971883","Feature, Article"
"2451","1369875312","Feature, Article"
"2452","1369497786","Feature, Article"
"2453","1321077034","Feature, Article"
"2454","1369498071","Feature, Article"
"2455","1371513876","Feature, Article"
"2456","1322096569","Front Page/Cover Story"
"2457","1324685125","Editorial, Commentary"
"2458","1319876038","Feature, Article"
"2459","1321360008","Feature, Article"
"2460","1324883258","Editorial, Commentary"
"2461","1324686755","Feature, Article"
"2462","1419910075","Feature, Article"
"2463","1371489358","Feature, Article"
"2464","1371470585","Feature, Article"
"2465","1419908746","Feature, Article"
"2466","1369970997","Feature, Article"
"2467","1369872303","Feature, Article"
"2468","1371340410","Table of Contents, Front Matter"
