"","DocId","Date","Title","Source"
"1","SPSP194704140406","19470414","扶輪社年會閉幕","shunpao"
"2","SPSP193011141210","19301114","扶輪社奬品待領","shunpao"
"3","SPSP193001161619","19300116","扶輪社今午聚餐","shunpao"
"4","SPSP193010291607","19301029","扶輪社","shunpao"
"5","SPSP193301230735","19330123","濟扶輪社註册紀念","shunpao"
"6","SPSP192902151513","19290215","扶輪社昨午聚餐會","shunpao"
"7","SPSP194701290425","19470129","扶輪社創立人　海理斯逝世","shunpao"
"8","SPSP192811091505","19281109","紀扶輪社昨日之聚餐會","shunpao"
"9","SPSP192802241407","19280224","上海扶輪社昨開慶祝會","shunpao"
"10","SPSP193002151512","19300215","扶輪社昨晚年宴盛况","shunpao"
"11","SPSP194110261103","19411026","扶輪社與舊玩具  影呆","shunpao"
"12","SPSP193105211127","19310521","扶輪社今午聚餐","shunpao"
"13","SPSP192907111513","19290711","扶輪社社務之進展","shunpao"
"14","SPSP193002201422","19300220","扶輪社今午聚餐","shunpao"
"15","SPSP193002131629","19300213","扶輪社明晚年宴","shunpao"
"16","SPSP192911071520","19291107","扶輪社今午聚餐","shunpao"
"17","SPSP193012301428","19301230","扶輪社今午聚餐","shunpao"
"18","SPSP193402250943","19340225","濟扶輪社開紀念會","shunpao"
"19","SPSP193005221419","19300522","扶輪社今日聚餐","shunpao"
"20","SPSP193006051424","19300605","扶輪社今午聚餐","shunpao"
"21","SPSP194111110807","19411111","扶輪社本週常會","shunpao"
"22","SPSP192810020903","19281002","太平洋扶輪社在東京開會","shunpao"
"23","SPSP192806151409","19280615","扶輪社歡讌友社及報界代表","shunpao"
"24","SPSP192908081507","19290808","扶輪社今午聚餐會","shunpao"
"25","SPSP193002271623","19300227","扶輪社今日紀念聚餐","shunpao"
"26","SPSP192911281611","19291128","扶輪社聚餐會改期舉行","shunpao"
"27","SPSP194202080205","19420208","美加扶輪社　舉行中國日","shunpao"
"28","SPSP193008011027","19300801","扶輪社昨日聚餐會","shunpao"
"29","SPSP193102201008","19310220","扶輪社昨午聚餐會","shunpao"
"30","SPSP194011301015","19401130","扶輪社玩具醫院　徴爾兒童玩具","shunpao"
"31","SPSP193412251212","19341225","扶輪社贈送大批兒童恩物","shunpao"
"32","SPSP193702051610","19370205","上海扶輪社舉行跳舞大會","shunpao"
"33","SPSP192909191506","19290919","扶輪社會今午開聚餐會","shunpao"
"34","SPSP194710070316","19471007","世界扶輪社主席　將來華訪問","shunpao"
"35","SPSP192807061509","19280706","汪英賓昨在扶輪社演講","shunpao"
"36","SPSP193104131129","19310413","扶輪社杭州分社成立","shunpao"
"37","SPSP193102131412","19310213","扶輪社紀念會盛况","shunpao"
"38","SPSP194108301102","19410830","本市扶輪社贈書　兒童圖書館","shunpao"
"39","SPSP194608020409","19460802","扶輪社衆餐席上　孔祥熙出席演講","shunpao"
"40","SPSP193101311512","19310131","扶輪社預備歡迎大衛生","shunpao"
"41","SPSP194111300712","19411130","扶輪社　續募玩具　耶誕節贈難童","shunpao"
"42","SPSP193107031521","19310703","扶輪社注意商品檢騐","shunpao"
"43","SPSP192803301504","19280330","扶輪社舉行新職員選舉大會","shunpao"
"44","SPSP193609161607","19360916","扶輪社定期舉行　業餘慈善拳賽","shunpao"
"45","SPSP192802181602","19280218","扶輪社父女同樂紀略  汪英賓","shunpao"
"46","SPSP194109261007","19410926","扶輪社搜集玩具　贈貧苦兒童","shunpao"
"47","SPSP194704130420","19470413","扶輪社討論擴大範圍一年內增加一百單位　年會昨日賡續進行","shunpao"
"48","SPSP193102111418","19310211","扶輪社將開盛大餐舞會","shunpao"
"49","SPSP193608271505","19360827","扶輪盃今日給獎　扶輪社長宴請職員選手","shunpao"
"50","SPSP194111020920","19411102","扶輪社玩具醫院　兒童同樂會　十一月九日上午假座美琪大戲院","shunpao"
"51","SPSP192908211508","19290821","扶輪社席上之有聲電影談","shunpao"
"52","SPSP192808241512","19280824","扶輪社昨日舉行金山節目","shunpao"
"53","SPSP193501251221","19350125","鄔志堅在扶輪社演講","shunpao"
"54","SPSP193603291401","19360329","國際扶輪社","shunpao"
"55","SPSP194006091007","19400609","救濟全市乞丐難民由救世軍負責　工部局扶輪社等委托　兩租界撥款間接協助","shunpao"
"56","SPSP194609270422","19460927","澳洲亦感房荒　糧食衣着仍厲行配給　澳公使在扶輪社演說","shunpao"
"57","SPSP194108120708","19410812","扶輪社常會","shunpao"
"58","SPSP194109100721","19410910","扶輪社常會","shunpao"
"59","SPSP194010170804","19401017","扶輪社婦女會","shunpao"
"60","SPSP192806221513","19280622","扶輪社開會紀","shunpao"
"61","SPSP194107030833","19410703","扶輪社本週常會","shunpao"
"62","SPSP192910171508","19291017","扶輪社今午聚餐","shunpao"
"63","SPSP194104161003","19410416","扶輪社本週常會","shunpao"
"64","SPSP194104290708","19410429","扶輪社本週常會","shunpao"
"65","SPSP194110140803","19411014","扶輪社本週常會","shunpao"
"66","SPSP194110210714","19411021","扶輪社本週常會","shunpao"
"67","SPSP192906131512","19290613","扶輪社今午聚餐","shunpao"
"68","SPSP194108281014","19410828","扶輪社本週常會","shunpao"
"69","SPSP194011050710","19401105","扶輪社本週常會","shunpao"
"70","SPSP194011270807","19401127","扶輪社本週常會","shunpao"
"71","SPSP194109161009","19410916","扶輪社本週常會","shunpao"
"72","SPSP194109301008","19410930","扶輪社本週常會","shunpao"
"73","SPSP194103040811","19410304","扶輪社本周常會","shunpao"
"74","SPSP194103110810","19410311","扶輪社本周常會","shunpao"
"75","SPSP194103250706","19410325","扶輪社本週常會","shunpao"
"76","SPSP194007020710","19400702","扶輪社　明午常會","shunpao"
"77","SPSP194007091105","19400709","扶輪社本週常會","shunpao"
"78","SPSP194101081006","19410108","扶輪社本周常會","shunpao"
"79","SPSP194101231502","19410123","扶輪社今日常會","shunpao"
"80","SPSP193006191417","19300619","扶輪社今日聚餐","shunpao"
"81","SPSP193610091103","19361009","吳巿長演講　「中國與世界和平」　昨午在扶輪社聚餐會","shunpao"
"82","SPSP192811231501","19281123","本埠新聞二扶輪社慶祝本報二萬號","shunpao"
"83","SPSP193303161321","19330316","扶輪社今午聚餐會","shunpao"
"84","SPSP193206051915","19320605","扶輪社舉行游園會","shunpao"
"85","SPSP193704140303","19370414","王外長宴扶輪社員","shunpao"
"86","SPSP193103271108","19310327","扶輪社昨選新聯員","shunpao"
"87","SPSP192807131506","19280713","扶輪社昨日之宴會","shunpao"
"88","SPSP194109230709","19410923","扶輪社音樂歌唱會","shunpao"
"89","SPSP192909261508","19290926","扶輪社今午聚餐會","shunpao"
"90","SPSP193508110913","19350811","扶輪社年會在靑閉幕","shunpao"
"91","SPSP193706070605","19370607","國際扶輪社在法開會","shunpao"
"92","SPSP193503061322","19350306","世界扶輪社在菲開會","shunpao"
"93","SPSP193010191604","19301019","扶輪社將舉行跳舞會","shunpao"
"94","SPSP194005070707","19400507","上海扶輪社　慶祝母親節","shunpao"
"95","SPSP192906201602","19290620","扶輪社今午舉行聚餐會","shunpao"
"96","SPSP193012101507","19301210","扶輪社盛大跳舞會結果","shunpao"
"97","SPSP193102061014","19310206","大衛生昨在扶輪社演說","shunpao"
"98","SPSP193710090605","19371009","扶輪社計畫流動醫藥車","shunpao"
"99","SPSP193310141010","19331014","吳市長發展大上海願望　前日在上海扶輪社演說　希望中外人士予以協助","shunpao"
"100","SPSP194005300806","19400530","扶輪社週會　今日中午舉行","shunpao"
"101","SPSP192907251415","19290725","扶輪社演講中國沿海航業","shunpao"
"102","SPSP194010080708","19401008","扶輪社週會　提前明日舉行","shunpao"
"103","SPSP193706050418","19370605","鎮扶輪社將開授證慶祝會","shunpao"
"104","SPSP194009251105","19400925","扶輪社常會　演講緩動影片","shunpao"
"105","SPSP194102200718","19410220","扶輪社社員　演講中國建築","shunpao"
"106","SPSP194103191003","19410319","扶輪社本週常會　歡迎新社員","shunpao"
"107","SPSP194101150902","19410115","扶輪社明日常會　請名人演講","shunpao"
"108","SPSP193102051508","19310205","扶輪社特派員大衛生氏蒞滬","shunpao"
"109","SPSP194105070806","19410507","扶輪社本週常會　福開森氏演講","shunpao"
"110","SPSP194105130714","19410513","扶輪社本週常會　演映敎育電影","shunpao"
"111","SPSP194105130715","19410513","扶輪社本週常會　演映敎育電影","shunpao"
"112","SPSP194108200718","19410820","扶輪社本週常會　在跑馬廳舉行","shunpao"
"113","SPSP194011141008","19401114","扶輪社本週常會　今日中午舉行","shunpao"
"114","SPSP193605190713","19360519","德國在役軍人　禁止加入扶輪社","shunpao"
"115","SPSP194012180913","19401218","扶輪社明日常會　加添耶誕節目","shunpao"
"116","SPSP194104220708","19410422","扶輪社　本週舉行年會　不招待外賓","shunpao"
"117","SPSP194110261203","19411026","上海扶輪社　今晨映免費電影  新影","shunpao"
"118","SPSP192711261608","19271126","嚴康侯在扶輪社演講眼鏡與目力","shunpao"
"119","SPSP193604140914","19360414","國際扶輪社　八十一區年會昨開幕","shunpao"
"120","SPSP193602290417","19360229","王正廷抵閩　召開扶輪社董事聯會","shunpao"
"121","SPSP194708280409","19470828","扶輪社今日集會請荷氏代總領演講","shunpao"
"122","SPSP193604121105","19360412","扶輪社八十一區年會　明日在滬開幕","shunpao"
"123","SPSP194010300712","19401030","扶輪社本週常會　舉行新社員入社義式","shunpao"
"124","SPSP194006081110","19400608","扶輪社動議救濟街頭乞丐　由救世軍辦埋","shunpao"
"125","SPSP193611141111","19361114","上海扶輪社　發行醫院獎券　籌建幼童錢疾","shunpao"
"126","SPSP194011201001","19401120","工部局委託救世軍　設乞丐收容所　得扶輪社贊助克底於成　擇定基地今冬實行收容","shunpao"
"127","SPSP193406290723","19340629","國際扶輪社大會　到五十七國代表七千餘人","shunpao"
"128","SPSP193604161301","19360416","吳市長昨招待　扶輪社社員　　有極誠摯之演說　　本市市長吳鐵城與夫人、於昨日","shunpao"
"129","SPSP194010010706","19401001","扶輪社　本週常會　五日中午宴集　演講菲島土著","shunpao"
"130","SPSP194608190605","19460819","美大學在筑招考　嚴文煒被錄取","shunpao"
"131","SPSP192810141212","19281014","國際童子軍聯歡會補紀","shunpao"
"132","SPSP192810131511","19281013","檀香山扶輪會代表團到滬","shunpao"
"133","SPSP193410050722","19341005","熱帶病學會扶輪會員","shunpao"
"134","SPSP194110230719","19411023","貧苦兒童書展歡顔　耶誕節接受玩具　扶輸社徵募苦兒玩具運動開始　復","shunpao"
"135","SPSP192812021509","19281202","○骨科醫院之設備","shunpao"
"136","SPSP193008121208","19300812","扶輪杯網球賽","shunpao"
"137","SPSP193109022001","19310902","扶輪社明日聚餐會上海扶輪社本星期四午間十二時三十分、在老卡爾登舉行聚餐會、請安德魯博士演講最近探險蒙古沙漠情形、","shunpao"
"138","SPSP192912201513","19291220","昨日萬國國徽呈獻會","shunpao"
"139","SPSP193401281520","19340128","燕大校長塞替阿博士演講「中國之大學生」","shunpao"
"140","SPSP192903241611","19290324","國府財政顧問　克墨爾談設計規劃","shunpao"
"141","SPSP194103291005","19410329","市民對於乞丐　勿佈施金錢　收容所主席建議　抉輪社並未決定","shunpao"
"142","SPSP192612171112","19261217","墨領事因公赴青島","shunpao"
"143","SPSP193304301314","19330430","長江流域麻瘋問題之嚴重","shunpao"
"144","SPSP193405110628","19340511","美使在京演講","shunpao"
"145","SPSP194005240704","19400524","各國駐滬商務要員　發表最近觀念　美商會秘書讚頌國際貿易英顧問謂「無暇思及商業」法參贊稱法租界有中立性","shunpao"
"146","SPSP194005220711","19400522","今日旅滬美僑　紀念航務節　昨午舉行盛大歡宴　明日由扶輪社招待","shunpao"
"147","SPSP193604030813","19360403","英前外相演說　英在遠東地位　作戰為不可能","shunpao"
"148","SPSP193102061001","19310206","結賬期内莊票概出即期　　錢莊爲便利商業流通欵項計、向有十天期之遠期莊票、以代現欵、凡商貨授受、均作現欵使用、現在錢莊正值結束十九年度賬略時期、苟再出用遠期莊票、勢須與二十年度營業相混合、爲劃清界限起見、曾經委員會議决、凡二月十五日以後、各商號欲出莊票、概以即期爲限、不出遠期莊票、俟逾此結賬時期後、","shunpao"
"149","SPSP194110200716","19411020","憑玩具一件　可觀看影片　二十六日　南京戲院","shunpao"
"150","SPSP193703161407","19370316","昨晨澳遊歷團赴日","shunpao"
"151","SPSP193102071618","19310207","惠勒公司歡迎美國代表蒞滬","shunpao"
"152","SPSP193208151203","19320815","中華隊三年稱覇","shunpao"
"153","SPSP194003150907","19400315","工部局財務處長談　加捐勢難中止　竟以嘉惠華人種種為言　對市民能否負担責不論","shunpao"
"154","SPSP193603021110","19360302","王正廷昨乘機來滬","shunpao"
"155","SPSP192312131808","19231213","集會表","shunpao"
"156","SPSP194109020919","19410902","扶輸社本週常會","shunpao"
"157","SPSP194711300119","19471130","穩定我國貨幣祗須五億美元　蔣廷在碧瑤演說","shunpao"
"158","SPSP194612120817","19461212","羅士培教授參觀上海醫學院","shunpao"
"159","SPSP193511101409","19351110","澳洲少女團　昨由日過滬返澳","shunpao"
"160","SPSP193609111104","19360911","徐謨昨晨到滬","shunpao"
"161","SPSP193308271813","19330827","今日單打有劇戰","shunpao"
"162","SPSP194107140804","19410714","出版界消息","shunpao"
"163","SPSP194111270616","19411127","中山路畔建乞丐營　計劃已告失販　天氣已寒露屍日有發現擬擴大新加坡路收容所","shunpao"
"164","SPSP193608301512","19360830","扶輪盃前日發奬","shunpao"
"165","SPSP192708201514","19270820","許本納博士昨晨赴津","shunpao"
"166","SPSP193010252202","19301025","舞塲消息","shunpao"
"167","SPSP192310111807","19231011","集會表","shunpao"
"168","SPSP193008011221","19300801","體育","shunpao"
"169","SPSP193505041005","19350504","美經濟考察團　昨由閩返滬今晨飛青","shunpao"
"170","SPSP193105131507","19310513","麻瘋會今晚之歡宴","shunpao"
"171","SPSP194111040713","19411104","擬建之乞丐收容所　地址頗為相宜","shunpao"
"172","SPSP192307051812","19230705","集會表","shunpao"
"173","SPSP194601230311","19460123","社論","shunpao"
"174","SPSP194707010506","19470701","我留美學生獲獎","shunpao"
"175","SPSP193608210708","19360821","王正廷　將任駐美大使　美方並無表示","shunpao"
"176","SPSP193610230433","19361023","王正廷　昨在蘇演講","shunpao"
"177","SPSP193605191006","19360519","出席世運政府代表　戴季陶明晨啓　中德文協會等團體昨設宴歡餞朱家驊吳市長亦先後為戴餞別王正廷昨晚登輪赴美再行赴德","shunpao"
"178","SPSP193609150804","19360915","鴉片流入華北　去年三十五噸　租界購嗎啡甚易","shunpao"
"179","SPSP192804051130","19280405","春假中之西童子軍比賽","shunpao"
"180","SPSP192412141412","19241214","世界聯青社滬分社滬分社正式成立","shunpao"
"181","SPSP194605060320","19460506","解次世界問題須有眞正民主","shunpao"
"182","SPSP194005200704","19400520","慶祝海外貿易週　滬美僑頗重視　司密斯昨講中美貿易關係美艦司令將於航海節演說","shunpao"
"183","SPSP192708271224","19270827","昨日捐助奬品之踴躍","shunpao"
"184","SPSP194707170102","19470717","中國早獲和平　有利中美商務","shunpao"
"185","SPSP194101011705","19410101","乞丐收容所　開始收容　須經局方捕送　其餘概不收留","shunpao"
"186","SPSP193107311036","19310731","中華全國體育協進會主辦扶輪萬國杯及表演網球賽","shunpao"
"187","SPSP193406231519","19340623","特載　國民經濟崩潰中　國民合力生產之覺悟　吳鐵城　丨六月九日於中國經濟信用合作徵求隊大會致詞丨","shunpao"
"188","SPSP194012151103","19401215","收容乞丐　積極進行","shunpao"
"189","SPSP192311151812","19231115","集會表","shunpao"
"190","SPSP193104101314","19310410","上海國際童軍表演","shunpao"
"191","SPSP192312141815","19231214","集會表","shunpao"
"192","SPSP193506060739","19350606","美考察團在杭游踪","shunpao"
"193","SPSP192608311607","19260831","聯青社舉行三周紀念","shunpao"
"194","SPSP193612241620","19361224","兒童玩具大展覽　靑年會二樓廉價拍賣　悉充苦兒同樂所經費","shunpao"
"195","SPSP192310102202","19231010","集會表","shunpao"
"196","SPSP193101221017","19310122","孔雀華總理辭職","shunpao"
"197","SPSP192708051409","19270805","兩團體昨午歡宴平海姆博士","shunpao"
"198","SPSP192610301523","19261030","來函","shunpao"
"199","SPSP192311011814","19231101","集會表","shunpao"
"200","SPSP193609261612","19360926","今日　國際慈善拳擊　下午九時在戈登路","shunpao"
"201","SPSP194610180107","19461018","司使發表演說","shunpao"
"202","SPSP194110101113","19411010","滬市近郊　建設「乞丐市」　市政機關將出而合作　乞丐收容所隨即停辦","shunpao"
"203","SPSP192311081820","19231108","集會表","shunpao"
"204","SPSP193603211124","19360321","美靈登君携眷赴英","shunpao"
"205","SPSP192311111811","19231111","集會表","shunpao"
"206","SPSP193610140807","19361014","留美學生安抵　西雅圖之情形","shunpao"
"207","SPSP193606141308","19360614","印人凡吉夫達　旅行世界抵滬","shunpao"
"208","SPSP193303081109","19330308","中外人士主辦之上海電影皇后競賽","shunpao"
"209","SPSP192705241014","19270524","拒毒會籌備拒毒運動週","shunpao"
"210","SPSP192809281107","19280928","本埠","shunpao"
"211","SPSP193511040916","19351104","浙江省名勝導遊局　業務進展一般　劃分全省風景區　設立名勝管理處","shunpao"
"212","SPSP193404101203","19340410","美僑　白里登自戕　原因不明","shunpao"
"213","SPSP193105151509","19310515","魏德演講麻瘋問題","shunpao"
"214","SPSP194710290610","19471029","黃山遣族學校募得美金十萬　陳文淵由美返滬談","shunpao"
"215","SPSP192311101819","19231110","集會表","shunpao"
"216","SPSP194002271012","19400227","上海兒童醫院　招待慈幼團體","shunpao"
"217","SPSP194110261101","19411026","兒童周刋","shunpao"
"218","SPSP192310031810","19231003","集會表","shunpao"
"219","SPSP192311071828","19231107","集會表","shunpao"
"220","SPSP193411261102","19341126","艾廸博士在滬演講程序","shunpao"
"221","SPSP192310061808","19231006","集會表","shunpao"
"222","SPSP192310041813","19231004","集會表","shunpao"
"223","SPSP193604121101","19360412","浙滬購辦洋米　蘇商聯會電請制止","shunpao"
"224","SPSP192609190703","19260919","東方社十八日北京電","shunpao"
"225","SPSP194110230701","19411023","購英美金建設公債　堪稱最優良投資","shunpao"
"226","SPSP193608221103","19360822","捷克天文史洛嘉談　赴日觀察日蝕經過","shunpao"
"227","SPSP193911021401","19391102","申報","shunpao"
"228","SPSP193706070601","19370607","時評","shunpao"
"229","SPSP193109251301","19310925","本埠新聞各界抗日救國運動","shunpao"
"230","SPSP192912201501","19291220","本埠新聞二電影女演員錢秀芳傷足案","shunpao"
"231","SPSP193605190701","19360519","英閣舉行會議　艾登報告外交局勢","shunpao"
"232","SPSP194110261201","19411026","游藝界","shunpao"
"233","SPSP192506121501","19250612","本埠新聞二　　留東學會電北京段執政沈外長均鑒日廠罷工事屬生計及日人慘殺同胞視如鷄犬比學生公祭歸來沿途講演而英捕更自由槍擊死傷遍地甚且解散學校妄捕路人形同瘋狂慘無人道此而可忍孰不可忍應請嚴重抗議要求撤換日英領事並收回公廨以期一勞永逸寗爲玉碎不作瓦全寃抑彌天憤懣何極哀此籲請竚盼明令留東學會陳景新陸露沙謝六逸周勤豪傳彦長等八十餘人同叩　　美專學生會美專學生會現徵集五卅各烈士遺像應徵者可塡明烈士姓名史略以備將來各界追悼大會陳列又該校學生會週刋已定名爲血痕定於十一日出版係非賣品倘有函索即行寄上　　致職員救國同志會組織演講團本埠敎職員救國同志會宣傳部因此次罷工罷巿罷課風潮發生工商學中除一部分四出活動外閒居無事者亦甚多坐廢時間殊覺可惜因組織講演團擬定各種與五卅事件及國民外交羣衆運動有關之問題由部員沈雁氷侯紹裘沈聯璧錢江春楊賢江葉聖陶等分别擔任出外演講各界前往延請者聞小學校爲最多云　　滬大學生臨時委員會訊滬江大學學生臨時委員會昨日開會情形如下葉宗愷主席首由阮維揚君報告擔任學生總會交際部與各方接洽情形","shunpao"
"234","SPSP194101100701","19410110","自由中國區域內　人民具堅強意識　統一團結爲歷史所未有　各種建設均有驚人發展　斐區暢游歸滬昨在扶輪社演講　　基督敎靑年會西籍職員斐區、新從自由中國來滬、昨日在本埠扶輪社演講其所得之見聞、據稱、渠在自山中國、曾目睹一切驚人之進步、蓋由於人民精神之不斷奮發、始克臻此、故渠不信世界任何其他國家、將能表現較中國更佳之成績、　　六十天內　造一鐵路　　斐氏會先後遊歷昆明二次、第一次在三年前、當時渠僅見該地有紗廠一所、迨於一年後再至昆明、則見該處生氣蓬勃、與前逈然不同、規模宏大之工廠、不下三十六所、其他在建築中者更不止此數、斐氏繼謂、在自由中國之其他區域內、亦可見到類似之進步、各重要城市間之鐵路制度、尤爲發達、有一鐵道、長一百三十七英里、僅於六十天內、即吿建築竣工、世人每謂東方人作事延遲、就渠所見、實設明爲不確、　　統一團結　前所未有　　斐氏復追述　在自由日機轟炸時之逃難情形、當渠山香港轉入內地時、每日買伏夜行、以避日機之襲擊、但日機雖到處肆虐、而人民皆具堅決之意旨、互相激勒、互相　勉、渠屢聞人民有堅持到底之表示、而從米見有一人絮絮訴苦者、此誠令人驚異、斐氏稱、渠目擊在誕生中之新中國、誠甚爲幸事、外間雖有種種黨派分裂等謠言、但實際上中國目下之統一與團結、爲歷史上所未有者、渠稱、此决戰爭實爲中國之福、中國在平時須數世","shunpao"
"235","SPSP193609161601","19360916","體育消息沈嗣良今日公開演講　本屆世運會與中國","shunpao"
"236","SPSP194109100701","19410910","華商銀行傾心合作　均準備經營外匯　中交兩行籌劃實行步驟　事實上與友幫銀行一致　九月份特准經營外匯銀行試行辦法發表　　爲管理上海滙市而頒定之必需品進口給滙辦法、由十四家友邦銀行通力合作一致實行後、紊亂已久之上海貿易局面、顯已回復正常、向爲投機淵藪之外滙黑市、亦吿戢止、但在中國國家銀行方面、對於此事、極守緘默、惟據新聲社記者昨日探悉、四行中之中國交通兩行","shunpao"
"237","SPSP193611141101","19361114","錢俊瑞昨返國　推進和平運動　　出國考察歐洲經濟、並出席比京世界和平大會之錢俊瑞、乘法郵斐列克洛塞爾號返國、昨已抵滬、據錢君云、此次出國考察、本擬由歐赴美、繼續考察、嗣因受世界和平大會會長薛西爾爵士與谷特","shunpao"
"238","SPSP193911021301","19391102","自由談語文和通俗文學  聞歌　　我國方言的龐雜，文盲的衆多，這都是不能吾認的事實。所以成為這種種現象的緣故，前者可說是安土重遷的習俗的作梗，後者則是玄學式敎育的結果。雖然這些以外自然還有其他重要的原因，但就問題的本身來說，這些似乎更重要。如把這兩重阻礙消除，我們便無法糾正畸形發展著的病態的現象。所以，許多人都明白這一點的重耍，便對症來了一個通俗文學運動；預備利用這一運動的力量，深入到毫無阻隔毫無遮攔的境地，使我們的知識和精神澈底的互相交流著。這是值得重視的工作，是每一個文藝工作者應該義不容辭的動手做的。　　不過如其僅僅只有通俗文學方面的努力，那還是有點問題的，因為它的本身只在接近識幾個字的羣衆，對於更廣大的不識字的羣衆，却依然無法接近。因此，又有許多人知道這一缺點也很重要，便又有了新文字運動的推行，頂備憑藉這一運動的力量，把語言和文字統一起來，提高國民知識的水準。這也是眼前我們所不能猶豫的工作，任何人都不能加以輕視的。　　這兩個運動，其實是統一的，不過是方向上的不同而巳。它們的本質總在打通方言的阻隔和文盲的遮攔。我們不能顧了通俗文學，不顧文字的改進，也不能只顧文字的改進，不顧通俗文學，而是雙方都得顧到。這麽著，才能澈底的使口語和文字統一，才能眞實的使全國毫無阻隔！　　語文展覽會轉眼就要揭幕了，這算是我的獻辭。我明白，這個展覽會對於我們是必需的，因為這是推行通俗文學和新文字運動先使大衆認識一下內容的最好方法。　　哪，我們就努力起來吧！北平城里的水夫  朱鬊章　　暗澹的北平城里的叫更天，一些野裊飛過伸着黧黑枚枝的幾個院落，在這條弄底同時亦起了伊啞的轆轤的水車聲。　　近了，那些衣服起了油垢，而且零落得不堪的水夫，大冷天赤着浮腫的脚跺，拉着笨重的水箱行來，他們危然地擺動身子，舉起攣痙的大腿，顫抖中一步二步在路上顛簸着，撥出些水沫……終於輪軸的轉動加快地把他們的後影送出這條街，遠去，遠去直到那悲凄的輪聲停了，北平城—巳沒入了晨熹中。　　羅馬式的敎堂的禱鐘剛敲，在亮頭髮的婆娘們提着菜籃上街的擾雜中，却又可聽見他們的聲音。　　「先生，早餐用過麼？」一個口里細着槓麵兒，一隻肩胛套住繩索的水夫，夾在裏邊，見到我便仰起了頭喊了。　　「哦，喫過了，河水凍冰了？」我在注視他們擔着擁管的欽佩中這樣回答他們，他們亦有時頑皮地瞇着眼對我喜歡地做了幾下。……　　北平城里的水夫，終年過着很苦惱的生活，更其是在道冬天，在香爐似的不融些冰兒照不到陽光的胡同里，他們的居屋是沒有火種燃着的。下雪了，亦得憑這幾件襖子，走完長長的路。　　做水夫的，不一定是卑下的，他們有父子合夥，兄弟同手，甚至有時亦可見到蓬鬆着頭的女子帮着他丈夫「造命」。他們多數是些從松花江顛沛到滔滔的渤海灣，然後設法行業，於是閒着的時候常與他們同病相憐地爽談關於你所要問的話。——　　走進破陋的賸下來的殘屋，首先使你注意的，便是幾頂掛在牆上的笠帽與幾件不整的茅衣。跨進院子，他們便全在那里，剝着淡味的乾煨豆，坐在井邊閒散地徑自作計。　　這種處所我到得最多，我簡直是說最喜歡接近他們。他們並不十分鹵莽，遇到局外的人，却也不是故意降低了自己的身份來說話的，他們能把手掌里的東西，分給你一些，把你圍在中間，把最懇切的話詳細地告訴你。——　　「先生，從風沙的平野流到這里來，雖不說全無樂趣，要是讓我們居了高樓大房，却也終覺得似失落了什麼似的。我們是無家的人，不過未曾不想家的重來，在我們突着靑筋時，淌着鼻涕時；在我們流着冬天的汗水時：—全是充滿了想念。」—　　「先生，這眞是太苦了啊：在你們還在甜夢中時，我們便耍打水了；在你們喫着暖粥時，我們却還在拉着車兒，直到北平城的故宮的門開了：我們纔拖了疲憊的身子回來齟生硬的東西。先生：我們兄弟幾個，在那一夜是不流淚的？我們時常這末在想，當蘆溝橋下的潮水撥來的時候，便想到松花江的高漲了。……」　　的確據伏在拱圓形櫃台七的先生們講，他們來時的情景是够苦的，很有幾個很小很小時來的，現在亦在代着他們的爸爸去拉車，爸爸們還是那末地誆騙着這些孩子：「孩子，你拖着水車走遍了全城，便可遇見了你們的媽了。」然而，大人們揮着淚送他們出門，誰是不躭憂以後孩子們失失望之餘的悲痛呢？　　古老的北平城啊，全充滿着蜷縮，不振的氣息，他們難得見到國徽的圖形，他們難得見到田野的耕犂，他們難得見到海螺的號子，但一當他們是疑夢疑眞的看見的時候，便再亦不肯收回驚動了縣老爺們公館裏幽靜的空氣的吶喊：「做水夫的啊，爭到了這些——回去。」……　　暮靄挾着殘霧籠罩了這高聳的「銅架」，那是「北平城」啊，——不，我不時曾見到掛在空中電車綫上爆發的幾朶碧綠的火花。——離北平已有多年了！　　願水夫們成就了他們的宏願，他們已奔出了還鄕河的一端，願北平城裏的早晨，再亦沒有那沉重的水箱車聲而要加厲地把北風吹起，敎訓城裹黃袍的老爺們啊，親自提了水桶去搖動轆轤，——　　最後，那般堅毅的水夫們的生活，該是一種嶄新的飛躍的了罷。探望者  金子　　昨夜，快是黎明的時候，我卻夢了。　　是秋天的早晨，我在家鄉的小河邊，低迴緩步，天空里好像有一層薄薄的朝霧，露兒在常綠樹的葉子上撒下了淸凉，四下里沒點兒聲息，河水也只無言的流着，那種輕適，恬靜使我墜入於沉思中。　　這沉思到醒來却勾起我幾多懷鄕的意念啊！　　假使在故鄕，菊兒該早開了吧！　　這季節是怎樣的季節呢————　　獨個兒去到湖上，泛一葉扁舟，任它自在地穿過長條的柳絲，泊在白石砌成的橋拱下，湖心里有一片逼人的凉氣。回頭來再踏上綠楊村，到叢竹林里去看菊花大會，茅簷下綴着斗大的用菊兒編成的字，屋子里更到處皆是菊，爭芳鬥妍，各自開着艷異的花。　　找一個僻靜點的地方坐下，靜息一會兒，黃昏很快的瀉下來了，已凉天氣未寒時，晚風從林子里把秋意拂進了衣襟　　或者，再到土岡下，和幾個孩子彎着腰採擷那路畔的雛菊；回來挿在膽瓶里，粉紫色的花瓣像一隻隻嬌嫩的小臉，羞怯的藏在綠葉叢里，似有無限溫柔，向人偷露。　　到晚上，檯燈射出淺籃的光，照得它更像七月底夜空中的繁星，在壁角里惺忪着睡眼。　　這些情景到如今想起，是只無疑地添上了客窗的愁慘。家園巳破碎得只賸一堆瓦礫，原野也早給炸成了焦土，菊兒呢，我更彷彿看見它在晃亮的刺刀下，給劃成了片片，像支離的屍體，一瓣瓣撒滿在地上　　異鄕的人是如何日日夜夜的悵望着它北國的田野，流浪的日子却是沒有盡頭的，生活更像一條剛從熔爐里抽出來的火紅的鐵鞭——　　江南，除了游子身上單薄的衣裾，更何處找得到秋天呢　　但這也不值得怨恨的！　　『死並不是完結。』明年此刻，菊兒的種子會再從泥土里茁生起來的，冒着冷露，也冒着嚴霜。　　是的，這江南有什麽可戀棧的呢！我該回去，從那小河邊，從湖畔，土岡下，從廣袤的禾塲上，去探望一下那新生的菊兒的消息。文化界消息  拾零　　旅港文化人簡又文葉淺予歐陽予倩等所發起之「中國文化協進會」，已於「九一八」正式在港組織成立，到各界代表葉秋原","shunpao"
"239","SPSP194107171001","19410717","日海軍卡車夫　在漢被擊事件　滬發言人說明肇事經過　並稱提出要求條件四項　　大陸報云、此間日海軍發言人昨日","shunpao"
"240","SPSP194704120401","19470412","房屋租賃條例草案　參議會作初步修正　昨日三委會聯席會議中擬定　廣徵全體參議員意見後彙送立院","shunpao"
"241","SPSP194110271101","19411027","家庭","shunpao"
"242","SPSP192309191801","19230919","觀「殘鐘憾」後之意見　　殘鐘憾一劇杜撰我國之故事可謂近數年來影片中之罕覯者此劇情節甚佳惜演來不甚高明且説明卑謬失却精神不少若在舊台上演之必見異彩矣　　劇中叙當唐宋之際計時無器羣民恒仰宗廟神鐘之鳴以紀子午有梁昌者以發明製鐘新法入奏天子怒其狂而贬之於邊城途中遇一女童贈以花女名梅釵製鐘重臣五復之女也母早故王有螟蛉子孫琪者與梅釵靑梅竹馬兩小無猜及長情愛彌篤時神鐘忽壞天子詔王復另鑄新鐘以補其缺久不成上怒將斬王梅釵聞之驚惶莫措忽憶及梁昌世以製鐘爲業必知製鐘之秘乃奔往求助始悉非以生人血肉和製則鐘無成望於是自投於鑄銅烈燄中鐘乃成而孫琪則以喬裝入虜營殺其酋長爲追者所撃傷重而死於是此一對有情人竟於冥渺之中成眷屬焉　　此劇中演者中西人皆有女郎梅釵爲西洋式之表情甚好較之歐美明星亦不稍讓惜劇中人爲中國女子如此表情不甚切合且尤不適用於古代耳　　全劇一切佈置禮節舉動舞蹈均不類古代一望而知爲外人所製若以之較我國舊劇誠有内外之别矣試思王復梁昌之見上不拜梅釵孫琪之并肩觀舞以古時帝室之尊嚴有如此君臣體統之不講男女界限之不分者乎若在吾國演之吾知必無此非驢非馬之現象也　　梁昌所發明者爲新式之時鐘並非神廟之撞鐘乃撞鐘破裂皇責之王復王造之不成其女梅釵乃念及「發明製鐘者必有秘方」一語而往求於梁昌此節劇中旣未明言梁昌能製一切之鐘則梅釵何以獨思及梁昌而梁昌亦竟有此秘方此則稍欠圓滿令人疑惑　　孫琪聞韃靼入侵乃喬裝入胡營刺殺其酋長被追而受傷於中途梅釵之往求方於梁昌在聞婢報韃靼王被刺於一婦人之後旣得方歸途乃遇孫琪其間往返需時且孫之被傷又在女未動身之前日期相差遠甚似不應有如此巧遇梅釵歸途行於叢花間從容安步似在花園中散步不類奔走於道上旣見孫琪不先問其受傷之處遽抱之而起轉瞬歸至寢室如此健步固勿論古代女子無此能力即如此長途亦斷無路人見之而不爲之扶助者此處未免不近情理矣予以爲梅釵之往求方同時孫琪亦往殺韃靼王如此則梅釵歸途恰値孫琪受傷於林中於情是乃不牽强梅釵旣見孫琪祇可扶之覓至附近大道待見路人乃求其負至家中或載車而歸不必累女郎自苦乃爾也　　此劇結果男女均死情節甚慘然用情高尙捨身所一則爲國而死一則爲父而死忠孝萃於一門可謂難能可貴洵有益世道人心之劇也","shunpao"
"243","SPSP194106201001","19410620","充滿樂觀前進氛圍　大後方的印象　千錘百鍊中孕育新朝氣　一切人力物力在活躍着　　聖经公会牧師演講自由中國游程　　本埠國際扶輪社於昨日中午，假福州路都城飯店舉行午餐常會，由社長即現任荷駐滬總領鮑賽文氏主席，除報告經常社務外，特請該社社員現任香港路五十八號聖經公會幹事赫七帕斯牧師","shunpao"
"244","SPSP192910171501","19291017","吳淞要塞檢查商輪","shunpao"
"245","SPSP194104170701","19410417","納稅外人於今日下午　開兩項重要會議　討論變更組織及加捐案　預料各案可望順利解決　華方接受臨時辦法　　本年納稅外人常年大會、領袖領事希爾、原定四月二·三兩日召開、並辦理改遷一九四一年至一九四二年度董事、嗣以工部局　更董事名額問題、一時無法解決、乃一再宣告展期、改於今日下午二時卅分、在靜安寺路跑馬廳舉行、惟以工部局董凱自威、董事罔本、依據英美日三國領事所成立之協定、提議變更工部局組織、請納稅人授權工部局現任董事會、繼續辦理公共租界行政、","shunpao"
"246","SPSP194010010701","19401001","德義日締盟後　滬各界益堅信念　認英美合作對中國有利　滇緬路提前開放將實現","shunpao"
"247","SPSP192611031001","19261103","專電　　北京今日","shunpao"
"248","SPSP194106070701","19410607","馬來聯邦為英堡壘　採戰時經濟政策　保藏一切換取外匯原料　嚴格統制貨幣防止逃避　本埠扶輪社社友李應生講馬來印象　　扶輪社本屆在都城飯店舉行每週餐會、由社友李應生演講馬來情形、據稱、馬來不特為目下戰爭中央帝國之軍事堡壘、且為「造幣厰」馬來所產之大宗錫與橡皮、對美輸出、足使四國貿易趨於平衡、以助英國得向美購買飛機與其他戰爭原料、　　馬來當局　最近措施　　李氏述及在馬來所獲之印象稱、馬來政府之戰時政策、在於保藏一切可以換取外匯之原料、並嚴格統制當地之貨幣、以免資金逃避、對匯往外埠之款項、均有嚴格限制、當地華僑、乃不得不受相當影響、蓋閩粤二省人民、賴馬來方面匯款以維生活者、為數甚衆、今則每家庭每二個月、祇准匯出二百五十元、","shunpao"
"249","SPSP194108200701","19410820","管理匯市後　進口商已獲保障　必需品運華可無虞缺乏米煤運滬照新匯率結匯　　平準會爲　制外匯投機、穩定法幣兩位、已於前日","shunpao"
"250","SPSP194010080701","19401008","英駐華艦隊司令　諾貝爾大將來滬　傳將晤赫德商遠東局勢　美軍政長官昨舉行會議　在滬美海軍後備兵待命出發　　英美兩國海軍、將在太平洋聯合封鎖日本海軍之消息傳滬後、本埠社會人心、大為振奮、在沘德　日之三國同明盟後、英美聯合行動、以答覆遠東侵略者、其與中國抗戰有利形勢、自可不言而喻、且本埠方面復有央國駐華艦隊總司令諾貝爾大將突然蒞滬、與美赫德上將有所計鑲、亦値得欣慰也、平明社記者昨據向外國外交界之消息靈通方面獲悉、英國駐華艦隊司令諾貝爾大將、於前晚突然蒞臨上海、而昨日上午、美國亞洲艦隊司令赫德上將、亦於昨日上午舉行軍政重要聯席會議、且本埠若干權威方面相信英海軍諾貝爾大將之來滬、當與赫德有所晤談、共商英美遠東艦隊之密切合作、惟此說尙不能獲得央美兩當國局之證實、蓋英美兩國當局對此、亦頗守緘默、　　美方長官昨有會議　　據悉、昨日上午九時許、美國亞洲艦隊司令赫德上將·美國揚子江艦隊司令葛拉斯福少將·美駐滬防軍司令貝克上校等、先後赴江西路美領署內、與美總領白特立克等舉行重要軍政長官會議、至十一時許、貝克上校最先辭出、赫德上將與葛拉斯福少將則於十一時半始行相繼離去、會議內容、雖無從探悉、惟衆信對遠東時局之未來發展、有所商討、　　英總司令由港抵滬英國駐華艦隊總司令諾貝爾大將、係於最近卸任者、據平明社記者咋向關係方面探悉、諾貝爾大將於日前山香港啟程、業於前晚抵滬、昨向英國駐滬官方探詢時　承認諾貝爾大將來滬係經滬回歸英國倫敦者、惟據最先吿平明社記者關於諾貝爾大將來滬消息之關係方面所知、諾氏來滬、諒係與赫德上將會晤、共商英美遠東艦隊之合作、故此次諾氏回國、經上海而往美國、恐亦將與美國海軍當局亦有所接洽、然後由美返英、惟上述所傳、尙難獲英美兩國駐滬官方之設實、但諾氏來滬意義之重大、則為各方所一致深信、　　美後備兵整裝待發　　英文大美晚報云、華盛頓方面昨","shunpao"
"251","SPSP194111020901","19411102","泊滬之南斯拉夫輪　竟遭義當局攫佔　全體船員不屈被逐登岸　輪長已向港務當局報告　　據權威方面消息、南斯拉夫輪湯密斯拉夫號、被義方攫佔、即將租予日本海軍、據悉、義强佔該輪、實因義郵船康脫凡弟號停泊滬上、船員三百人開支浩大、給養發生問題、故該公司願將湯密斯拉夫號、供日本海軍租用、以期獲得現款、購買煤斤及其他物品、供康脫凡弟號冬季應用、又據航界權威消息、現充日軍供應船之德輪基多號、經改名天日丸後、巳於昨日潛行出港、當時並無領港人予以協助、字林報云、本市義當局昨","shunpao"
"252","SPSP194111120701","19411112","今日各界懸旗　慶祝國父誕辰　市民效法國父革命精神　推行節儲捐獻就難運動","shunpao"
"253","SPSP192906131501","19290613","本埠新聞二麥根路車站小工與警士起釁","shunpao"
"254","SPSP193010103701","19301010","申報圖書週刊　　光復中華　　十九年前之今日爲武昌起義之紀念日光是淸政不綱孫中山氏創興中會糾合同志鼓吹革命國人思潮爲之一變未幾有史堅如謀殺總督德壽被戮之事又未幾有漢口唐才常之變安徽大通之變廣四鎭南關之變雲南河口之變且謀炸端方于天津者有吳樾槍覺恩銘者于安慶者有徐錫麟革命之潮遂日演而日激初黨人多數居南洋舉事自以沿海各省爲便斯年陰歷三月廿九日因廣州舉事不成乃變計從長江流域入手淸廷知大宗軍火運入密令邪督瑞　加意防範迨八月初九日瑞徴接外務部密電謂黃興聯絡黨人約期十五十六兩日聚鄂起事並有三十標步兵同時策應之約於是軍　各界防範益嚴乃及期並無動靜咸謂事機洩漏使然詎至十八日之夜革命黨形迹竟發多處先後在漢口租界及楚雄樓等地拿獲陸軍憲兵隊什長彭楚藩女黨員龍訊關等多人及抄獲炸彈手槍旗幟印　等類無數瑞數以爲其謀已破自喜定亂俄頃且疑新軍皆黨人欲窮加查究武昌向稱有新軍萬六千人悉歸張彪統轄平時本懷怨望至此遂人人自危經黨人從中運動遂一發不可收拾十九日下午由工程第八營左隊爲首以同心協力爲暗號掣下肩草左右各繫白巾先刦火藥庫齊集大操場然後分三路進攻督署衛隊不支而降次日瑞徽張彪等均逃衆乃公推第二十一混成協統黎元洪爲領袖繼續佔領漢陽及漢口嗣後各省鄉應而中華民國遂告成立今日者舉國歡騰觀此圖畫其亦念光復之艱難思締造之不易乎","shunpao"
"255","SPSP192211171601","19221117","大英牌最盛行之香烟永泰和烟草股份有限公司總理本埠新聞三牡雅廠將遷入新屋開幕　　英商牡雅香料廠創設已有數年聘有法京名廠技師選運佳料精製各種化妝香品現因營業擴充原有房屋不敷已遷移至北浙江路八百二十號照常營業定於十一月十九日行遷移開幕禮云科發藥房發行公司債　　南京路科發大藥房成立已五十餘年茲因擴充製藥廠由該藥房董事會議决發行公司債劵一百萬元並由本埠銀行界如中國·交通·勸工·懋業等公開會議與會各行長詳細審查該藥房内容後對於該公司辦法甚爲滿意極贊成該藥房發行公司債之舉並允代爲募集債券聞昨日已發行實業界購該債劵者甚爲踴躍云冬季衣帽之調查種種　　獺絨帽貂帽大衣呢駱駝絨山東路二一八號冠華帽莊有上等獺絨帽等出售每頂二十六元並有三十元者南京路石路口之公平帽莊則需二十四元冠華帽莊之冲貂帽僅爲每頂六元公平帽莊之眞貂帽每頂四十餘元其冲貂帽有値九元者其最廉者爲三元五六角南京路老九章隔壁之大源成絨號有全毛大衣呢每尺一元三角鼻烟色呢每尺八角南京路山東路角之興昌祥絨號灰色單呢每尺五角方格子呢每尺九角漢口路上海旅館隔壁之上海公司單幅駱駝絨每尺一元南京路大源成絨號之駱駝絨有每尺一元二角者有每尺九角半者南京路英明照相館對過之南方公司駱駝絨每尺九角並有每尺八角半者云昨日之菜市　　魚類南北市均稍貴昨日法租界菜市街小菜場各菜與前日相仿惟魚類稍貴價如次湖葱每斤一百二十文薺菜每斤八十文蒿菜每斤六十文鮮龍頭魚每兩三十文鹹香瓜每兩三十五文白菜每斤一百二十文菠菜每斤六十文芹菜每把三十文豆芽每斤六十文蝦每斤三角鮮蟹每兩四十文鹹蟹每兩四十文白魚每兩二十五文小黃魚每兩二十五文大黃魚每兩二十文青魚每兩三十文鹹蛋每只四十五文鴨蛋每只三十文鷄蛋每只三十五文河鰻每兩三十文海鰻每兩二十五文大豆菜每斤一百文雄鷄每斤三角雌鷄每斤三角六分鴨每只八角五分鴿子每只二角五分甲魚每兩二十五文鯽魚每兩三十五文牛肉每斤二角四分羊肉每斤洋二角八分猪肉每洋三斤四兩蛤蜊每斤二百四十文蘿蔔每斤六十文冬笋每斤二角四分萵苣笋每把四十文蚶子每斤二百四十文鮮帶魚每兩三十文烏賊魚每兩四十文青菜每斤五十文鹹帶魚每兩三十文葱每斤一百二十文大蒜每斤一百二十文又昨日南市葷蔬菜市較前日無甚進出惟小黃魚較前日略貴其各價如下銅盆魚每兩二十文蘿蔔每斤五十文花青魚每兩二十五文萵苣笋每把三十文冬笋每兩二十五文鮮龍頭魚每兩十六文毛蚶每斤六十文汕頭蚶子每斤二百四十文青菜每斤四十文大黃魚每兩二十文小黃魚每兩二十二文芹菜每把三十文鴨蛋每只三十五文鷄蛋每只三十文白魚每兩十一文青魚每兩二十五文菠菜每斤五十文蒿菜每斤五十文河蝦每兩三十文甲魚每兩三十文鹹蝦大者每兩五十五文小者每兩三十五文搶蟹每兩三十文鮮蟹每兩二十至三十五文鹹蟹每兩二十五文薺菜每斤八十文大豆菜每斤七十文猪肉每洋三斤半羊肉每洋五斤鮮帶魚每兩三十文鹹帶魚每兩二十五文雄雞每洋四斤雌鷄每洋三斤半鴨每只七角至九角天津菜每斤一百文大蒜每斤八十文湖葱每斤一百文海鰻每兩二十五文墨魚每兩三十文鵝每洋五斤草頭每斤七十文鯽魚每兩四十文鹹蛋每只三十五文菜每斤五十文鮮鮝魚每兩二十五文鹹鮝魚每兩二十文牛肉每斤二角鴿每只二角閘北又一加租聲　　烏鎭路華新坊閘北寳山路義品里之加租風潮已誌本報茲聞烏鎭路華新坊之房客近因該坊經租賬房百般威嚇力欲加租特由該坊房客聯合會籌備抵制方法又於昨晚開會議决如照原數收租均仍照付如果苛收擬俟廳署解决云記英國干史女士之雕藝會　　展覽於九江路英國婦女會今明兩日繼續展覽英國干史女士","shunpao"
"256","SPSP194002020901","19400202","一元券　運到五百萬　供給賬期應用　角票到五十萬","shunpao"
"257","SPSP194012250701","19401225","今日全市各界　慶祝民族復興節　發揚蹈厲益堅抗建信念　節儲救難運動積極推進","shunpao"
"258","SPSP193708260101","19370826","敵再犯羅店經我軍血戰三面包圍","shunpao"
"259","SPSP194106040801","19410604","美放棄華領判權　促進中國強盛　以免日本濫用此項特　阻碍中國民族運動發展","shunpao"
"260","SPSP194007240801","19400724","海防來客談　越南隱患堪虞　滇越路實施封鎖後　日方人員大肆活動","shunpao"
"261","SPSP193309021701","19330902","華絲直接貿易　　繆鐘秀在紐約接洽　　以免再受外商挑剔　　實業部商品檢騐局生絲處主任繆鐘秀、前奉派赴美考察絲業、昨由紐約函滬云、略謂、此次奉派至美、考察絲業、對於三項主要任務、已一一辦理、第一爲宣傳最近華絲之優點、自抵美以來、已在支加哥紐約及美國東部各省、分訪絲襪及絲綢商、廣爲宣傳、且以最近自局内寄來之新絲樣、交襪商綢商檢查品質、均稱滿意、並謂、華絲確可與日絲相頡頑、以後當注意採用、希望中國多量供給等語、足見華絲在美國信譽漸增、尙望我國絲商、加以改良、益求進步、第二爲考察美國最近檢騐生絲方法、余抵紐約後、即經生絲檢騐所參觀、見生絲檢騐方法及其機械、均有改良、乃在該所作三星期練習、如以重計算匀度之九米達檢騐、已由發明者親自授余檢騐手續、余返國後、在我生絲處亦當採用也、第三、即余認爲最重要而最感困難者、即華絲直接貿易問題、蓋我國絲商於繳解抛出之期貨時、因市價之變遷、每易受外商之挑剔、以致損失匪淺、非直接貿易、無以去其弊、余來美後、即以此事遍告美國絲商、曾於七月下旬、在紐約國際公庽、招待美國絲綢商領袖、到有二十餘人、當以擬組華絲","shunpao"
"262","SPSP193002070901","19300207","國内要電三軍事結束後實行編遣　　編遣區之劃分辦法略有變更","shunpao"
"263","SPSP192309141801","19230914","王君與毛女士昨行婚禮　　王君秀向官直隸歷任繁劇去年以簡任職改官浙江盧督辦聘爲諮議及海軍秘書長其長子王選畢業聖約翰大學曾赴美國留學專科鐵路五年得有碩士學位今年四月由美回國滬寗鐵路任局長聘委核算處辦事五月間經海軍少將魏子浩·海軍院長林蘭森·介紹與海軍司令毛鐘才毛仲方之妹漢英女士訂婚毛女士畢業中西女塾精通文學昨日在靜安寺路海軍聯歡社結婚在滬紳商軍學各界趨賀者甚衆將軍府將軍前海軍次長劉傳綬爲男家證婚人海軍領袖林建章爲女家證婚人各有箴辭來賓均有頌辭午後二時行禮女儐相爲王光華·陳瑤珍·兩女士男儐相爲郭承志·羅郁銘·二君音樂大作歡聲如雷至四時禮成攝影後觥籌交錯夜深新郎新娘乃乘車回新重慶路咸益里庽所云王選君與毛漢英女士之儷影","shunpao"
"264","SPSP192310251801","19231025","競武場今晚决鬭","shunpao"
"265","SPSP193705222001","19370522","各國靑年消閒的活動  特　　本埠婦女團體共同委員會所主持的俱樂部會社，本月十九日上午在靜安寺路美國婦女俱樂部事務所舉行第九屆年會，中西各國女士參加者共約二百人。因為這次會議的目的，是討論靑年問題，所以四壁滿貼着各國靑年的圖像，壁架上還掛着許多紀述各國靑年運動的小冊子，供入瀏覽，室中充滿着靑春的空氣。　　先由美國婦女俱樂部會長考尼煦夫人致詞歡迎到會的諸女士，次由共同委員會主席徽特萊夫人致詞，略述共同委員會是由中英美等國婦女俱樂部組合而成，歷年來曾喚起社會注意，如童工住屋，黃包車問題。共同委員會對於這三個問題的活動，已由本埠市政當局接受，而設法補救了，共同委員會時常關心本埠的重要問題，又曾設立職業指導小組委員會，本屆會議所討論的“是靑年跟他們的消閒活動問題”。這個問題，很為復雜，在短短的兩天會期之中，怕不能顧到全部。但本會擬查明海外對於這事的一切行動，然後再考察上海的一切狀况，跟用什麼方法可以改善現在所有的過失，希望委員會能得到輔助靑年的具體建議，而可有益於大衆。　　次醫士羅曼女士提出上海是不是一個“靑年城”問題。她說：因為上海三個市政局編製戶口表冊的方法，各各不同，所以上海人的年齡，不能得其眞相。據她的意見，十五歲到二十五歲的外國男女相比之數，女子比男子約多七百人。上海這種年齡的外國男女，共有二萬三千四百五十五人，十五歲以下的男女童，共有一萬二千九百七十九人，二十五歲到四十五歲的男女，共有二萬九千五百五十五人，這一類的男子，比女子多三千六百十五人，四十五歲以上的男女，共有九千三百零三人：可見上海的外國僑民，二十五歲到四十五歲的佔最大部分。上海縱然不是一個“中年城”，也算得是“成年城”，因為十五歲以下的男女，只佔百分之二十，二十五歲以下的，佔百分之三十八，二十五歲以上的，佔百分之六十二。至於中國人口：上海的兒童，却比中國其他任何城為少。上海的華人，在十五歲以上的，佔最大部分，男子却多過女子。女士提出這些枯燥的統計，不過希望會衆注意在討論靑年問題時，須着重佔戶口最多數的成年男女。　　羅曼女士發言旣畢，於是由各代表分述各國靑年消閒的活動，以便會衆將來可擇善而從，其中很多有興趣的事實。　　首由羅傑森夫人說起英國道：英國民衆很注重靑年消閒活動同題。英故王喬治五世在世時，極關心靑年的發展，因此他駕崩之後，人民以為紀念他的最佳方法，是募集捐欵，在全國設立靑年運動塲，發起之後，助捐的甚為踴躍。英國在學齡以後的消閒活動，純聽本人自願參加，因為英人反對有靑年軍訓意味的一類事情。英政府現正鼓勵地方當局設立運動塲，遊泳池，網球塲等。英國各大工廠至少聘用“幸福事務員”一人，他的職責，是司管工人身體精神的安樂。許多工廠並設立演劇會歌唱會，這些事務在冬季數月中，尤有怡情悅性的特別功效。男女“靑年會”都替男女童設備各種運動，冬季在戶內，夏季却在戶外。“星期學校”也都替靑年設備各種球戲的運動塲，並組織跳舞會，音樂會，小學校的四周，都有供兒童運勁的塲所，所需的土地是由本地當局供給的。此外還有像“扶輪社”導諸團體，助同經營運動事務。英國的“遊行俱樂部”，包括的範圍很廣，其中有“脚踏車俱樂部”，“爬山俱樂部”，“野地生物家會社”種種。“童子軍”跟“女童指導團”也是適合靑年的兩種大需要。還有保守黨工黨自由黨都注意靑年的活動，設備各種娛樂中心點，並組織演說辯論訓練班。每一大城，都設有靑年圖書館，以供靑年於鍜鍊身體之外，增進他們的智識。“婦女公民會社”跟“合作社也使其他數百團體得到它們的輔助。“婦女公民會社”分為事業，敎育，娛樂，集團工作四部。最初成立於一九一五年，去年五月間調查全國已有這種會社五千三百四十二所。英國靑年消閒活動的程序中還有是重要的一項，那便是“靑年旅社聯合會”一九三○年才由利物浦市長仿效德國的辦法創設，不到數年，全國已有這種旅社二百六十所，共有會員六萬人。會員二十一歲以上的，每年納會費五先令，十六歲到二十一歲的，每年納會費兩先令六便士，十四歲到十六歲的每年納會費一先令。凡會員都可寄宿在這二百六十所旅社中，每夜納費一先令，有幾處幼童每夜只須六便士。社內備有潔凈的床位，跟洗濯烹調的便利，并可向管社員購買餐品，取價極廉。會員不過須盡很輕的義務，如在管社員指導之下，洗器疊被之類。“靑年旅社聯合會”設立的宗旨，是使男女靑年有以極廉的旅費旅行大不列顚全部各地的機會。上述各動組織的經費，或由政府撥發，或由國內熱心仕女捐助，都抱着一個大目的，—使一般靑年在工作時間跟工作的餘閒中得到有益身心的進步。","shunpao"
"266","SPSP194105200701","19410520","中美貿易週　定期慶祝航務節　由美國小商會住持宴集　注意今後保障對外貿易　　美國朝野爲促進對外貿易起見、從十八日起、循例舉行美國海外貿易週、上海美僑亦已開始紀念此週、而另定其名爲中美貿易週、在此週內、美僑有種種社交活動、旨在使中美兩國邦交愈臻敦睦、貿易史趨發達、　　昨午盛宴送舊迎新　　昨日","shunpao"
"267","SPSP194105270701","19410527","林語堂在紐約講演　中國民族之力量　上海酒家義餐捐救護車　助華會約名流熱烈參加　林氏列舉中國獲得勝利十大原素　　紐約華僑馮國英·曾禮賢·等、最近在紐約Roxy戲院對面新建大厦、開一最摩登餐館、定名「上海酒家」、馮君等爲報效國難起見、特與美國醫藥助華會接洽、於四月二十二日開張之夜將所有凈收入、全捐該會、以備購買載貨救傷兩用汽車一輛、送回祖國、作抗建之用、該會特組織一特別委員會、辦理此事、是夜開會後、公推中國銀行行長夏屏方太太主持節目、讀者選萃「Readeris　Digest」編輯福克森博十爲餐宴主任、助華會副會長許肇堆博士爲大會主席、林語堂爲主要講演人、此外並到作家賽珍珠、紐約巴納德女校校長基德施黎夫·宋子良·于總領事·中國銀行夏行長·紐約太陽日報杜戚士·作家米納等、此次餐會、有一特點應　別提及才、即所有來賓·大會主席·及全體辦事人員等、均付餐費、俾收入足彀購買一輛汽車也、　　名流蒞會　盛况空前　　開會　、首由主席許肇堆博士、介紹到會名人賽珍珠·巴納德女校長基德黎夫·「讀者選萃」編輯福克森博士·及于總領事等、許會長因作戰以來、在美助華運動、多賴于總領事從中推動、現在全美助華聯合總會得能成立、亦係于領事努力之功、故對于領事作熱烈之介紹、許會長詞畢、改由「讀者選萃」編輯福博士主席、旋林語堂先生開始講演、最後福克森博士報吿、是晚餐款收入、及到會來賓捐款、已足敷購車一輛之用、　　林語堂氏　演詞精闢　　林語堂氏講演詞全文、照錄如下、近代史中之最神秘者、莫如中日目前之戰爭、而中國人民雖遭不堪想像之痛苦、其偉大精神、則一仍如故、確爲世人幻想所不及也、戰爭開始之際、余謂此次戰爭、爲遠射砲與永垂千古哲　之戰爭、共結果則爲一僵局、據目下情勢觀之、哲理似將戰勝大砲矣、　　中國民性　堅强不屈　　當今之世、軸心國　、兇暴橫行、以爲惟武力始有最後勝　、然民主之邦、則信賴人類至高無上之大無畏精神、爲克服强權之最有效武器、坦白言之、吾儕所能希望央國取得最後勝利者、爲英國人民堅强不屈之特性、至於中國人民、則常被認爲不具此項特性、但以此次戰爭言之、中國能有今日之結果、在在足以表明堅强不屆之偉大國民性所能成就者爲幾何、此點不特可以打破過去之誤解、目爲吾人之最大良好敎訓、中國人民平時雖尙禮讓、但目前則堅强不屈也、　　一面作戰　一面建國　　中國最後勝利、現在確可斷言、然世人仍鮮有知共所以造成目下局勢之原因者、請待余加以解釋之余認爲此次作戰、能收神秘效果、由於一而作戰、一面建國、最近有遊重慶者、言重慶不斷的建築、不斷改進、似乎不知今夏仍有空襲之可能、似乎戰事已經了結、整個國家、忙於復興運動、去夏余亦眼見、在空襲之下鑿地道、開展公路、去冬且有一新建國立圖書館吿成、並新加一能容千人之大戲院、語云、不進則退、假使中國未曾前進、開發內地、作爲作戰之大本營、恐中國已完全不能相抗、故建國即爲作戰力略之一、明乎此、則能了解中國作戰力量之所以與日俱增矣、　　勝利因素　計十大端　　中國得有今日之勝利、實由全民一致擁護英勇的領袖蔣委員長、繼續不斷的實施原訂策略所致、舉其因素、有如下列、（一）全國人民能精誠團結、一致作戰從未有一將領受誘投降、（二）數百萬人民、寗願放棄家宅、逃至內地、不因飢寒交迫、埋怨政府、（三）所有士兵、無不奮勇、（四）因政府及各領袖均爲國官勤、爲民服務、博得信任、是以人民能不顧痛苦、等候最後勝利、士兵能不惜性命、英勇戰鬥、（五）開發內地、建築道路、遷移工廠·學校等等、均爲不可避免之事實、而均能一一辦到、頗屬不易、（六）不特原有軍隊、未遭擊散、且所訓練之新軍、日日增加（七）在游擊區內、政府留有大量游擊隊及正式國軍作極有効之破壞工作、（八）在廣大破壞中、反造成中國建設之新紀元、（九）託天之福、在此四年中、皆爲豐收、（十）黃河在三年中、未凍成冰、遂阻止日軍前進、亦大有關係、　　偉大力量　擊敗武器　　總之、實現中國作戰方略、不特仰賴各領袖共有遠大之眼光、亦靠人民能逆來順受、埋頭苦幹之豐功偉績、茲舉世界聞名之滇緬路言之、該路之成、世人草不認爲爲一人工幻術、假使該路不能爲人工所完成、或未及時建築、則中國不知將成爲若何狀况、所幸該路業巳完成、並在武漢失陷兩月之後即已通運、此可證明政府具有遠大眼光、及人民苦幹之偉大力量也、若從客觀派的歷史家、事事必須根據客觀條件具備眼光言之、則中國必被預料爲一事不可成、但中國確已成功、由此可知客觀的條件","shunpao"
"268","SPSP194105130701","19410513","杜防囤積平均分配　港米將限制購量　每人不得超過一月需要　米行號定米將儘先分配　運米橡皮輪小車工人昨晨罷工　　據立基洋行負責人昨日吿記者稱、首批港米五千噸、計裝四船、除昨日","shunpao"
"269","SPSP194104080701","19410408","工董選舉不致舉行　英美日人選決定　額外董事兩席競爭仍烈　華納稅人注視今後發展　　今年工部局董事選舉事、自經月初費利溥發表重要談話寬稱改變董事名額後遂打破以往沈寂之狀態、各國僑民團體即開始活動、允以德國及「其他國籍」之僑民無不躍躍欲試、推出候選人、而在工部局中佔一席地、故各方情形、殊為緊張、唯依照洋涇浜地皮章程二十八條明文規定、改變工黃比數為英美日各三、華四、德一及其他國籍二人之議、必須經中國各條約國及中國合法政府之批准、方為有效、不意昨日各僑民團體、竟依照「新比率」將下屆二董候選人推出、茲誌各情如决、　　本年選舉　或將作罷　　工部局英美日德董事候選人姓名、昨已探悉、由此可知工董選舉，本年不致舉行、而英美日三國總領事、將於公共租界納稅人特會中提出增加工董席决之決議案、主張推定董事十六人一事、當可　利實行、　　英美日董　均經推出　　聞諸可靠方面、英僑方面因英董將放棄二　、故僅將惟凱自威鮑威　與米契爾三氏出任英董、昨日","shunpao"
"270","SPSP193704140301","19370414","林主席離湘赴潯　　昨乘咸寗兵艦啟節　數萬民衆江干恭送　　［長沙］林主席十三日視察省黨部、省政府後、渡河遊岳麓、首至雲麓宮、後祭黃蔡、獻花圈、遊上聖寺、參觀湖大、該校開歡迎會，林主席出席訓示、一時半赴咸寗兵艦、嗚禮砲二十一發、二時啟節東下、何鍵率各界民衆數萬人鵠立江干恭送、林主席在艦舉手答禮、離湘赴潯、","shunpao"
"271","SPSP193511050601","19351105","汪院長體溫如常人　　諾爾到京為汪診治　顴部縫綫昨已除去　各長官均入室晤談","shunpao"
"272","SPSP193010191601","19301019","青年男女相悅竟貿然同居","shunpao"
"273","SPSP193006191401","19300619","市縣清算公安經費寶山縣財務局局長貝階泰前日奉江蘇省財政廳委任令會同上海縣財務局前往上海市政府清算滬市與上寶兩縣公安經費貝局長奉令後當即於昨日下午一時提出縣政會議討論辦法經衆討論之下僉以市政府補助本邑各項經費非僅公安費一項尚有敎育册單農塲及縣行政費等項議决清算時應併案辦理貝局長已具函市政府及上海縣政府約訂清算日期一面據情呈報江蘇財政廳請示核奪矣","shunpao"
"274","SPSP194007020701","19400702","香港局勢嚴重　華人紛乘輪來滬　渣華輪昨日載來八百人　西報論日本係最後試探　　昨日渣華輪船公司芝尼加拿號郵船抵滬、載來船客的八百名、此為該郵船歷來所載最多之船客人數，據該公司職員稱、船上搭客、大多數均由香港上船、尚有數百名因船上艙位已滿、致抱向隅之感、該郵船搭客對記者稱、香港每日有數百人、麆集旅行社爭購船票、其中尤以華人為更甚、香港盛傅九龍邊界上英印巡邏軍、已與日哨兵發生衝突、此項謠言之起、已有二星期之久、但官方並無證實、英國軍隊由中外商團協助、繼續在九龍建築防禦工事、　　美僑眷屬電促澈滬　　英日關係緊張中、香港形勢、異常嚴重、本埠美橋之有家眷寓港者、均感不安、紛紛向美領事署詢問消息、經領署中人答稱、港地情形雖緊張、但目前諒無大碍、該方面美僑尚未撤退、惟正在計劃中、以防萬一、本埠寓居法租界之美僑、亦有詢及該區是否安全、承答稱該區情形、頗難肯定奉告、據記者所知、本埠各美國商行經理之有家眷留港者、均電促彼等撤退、或赴馬尼刺、或首途來滬、以免日後困難、則港地情形之嚴重、可見一斑、　　英美立於同一戰綫　　據外人方面消息息、甫自美國返港之香港扶輪社會員貝都博士、上月二十六日、在香港扶輪社宣稱、美人現百分之一百、願協助英人為自由而戰、渠在美十二個月中、曾與美人作二百五十决遠東問題之談話、渠謂「君等對美人意見、或感覺極大興趣、余願為君等言、美人百分之一百、願協助處於困境之英國、余遍歷全國與多數美人會談後、余可斷言、當世界局勢、續有發展之際、美人必與英人立於同一戰綫」、　　日發言人諉作不知　　昨晚日軍發言人在招待新聞記者席上宣稱、日軍當局對於軍隊在香港四週集中一說、根本不知有此一事、渠稱香港之日本僑民、並不撤退、日當局亦不信有命令彼等撤退之必要、日船開香港之航綫、仍進行如常、該發言人對於英國命令港地婦孺撤退至馬尼刺一事、表示並不重視、　　日對香港最後試探　　日人處心積慮、侵犯香港越南、世界人士、均予以矚目、昨日之大陸報、更稱之為遠東之新危機、而加以評論、略謂、凡關切中國最近之局勢者、無不對香港之地位、予以重視、自英當局頒布撇退婦孺之令後、香港必有一番驚惶不安之態、其足以為此項命令用意之唯一說明者、卽英國將決心　　保衛香港而與日人作戰、觀乎英人自來生張，似又未必盡然、蓋香港之緊張、雖出於日人挑釁、而以英人視之、保衛祖國土地、當較其巾國沿海屬地為重要、而不願與日作戰也、日人之意、實欲利用英人此種弱點、虛聲恐嚇、圖自拔於侵華三年慘遭失敗之泥濘而已、吾人已知、日人在華戰事、已至　　日暮途窮之境、外交地位、亦處於孤立、日本實無力結束戰事、抑以其國內資金、巳告枯竭、人民對侵華戰事、大感厭倦、日本軍事當局、為掩飾其在華之敗績、遂不得不從事最後之探試、向第三國挑戰、以轉移其國民之心緒、日本在歷史上會有日俄戰事之勝利、故日人此次欲藉故智、向英國之　　遠東屬地進襲、蓋日人預料美國本屆總統競選之際、或不致干預其事也、日人近曾宜稱、日軍之一切行動、無非欲封鎖中國對外交通綫、但事實上、日本固曾一再向第三國保證其在華之權利、而此種封鎖、實無以自圓其說者也、中國目下所有「開放」之口岸、僅寗波與溫州兩處、而日人對此兩處之出入人物、亦　　瞭如指掌故香港當局所稱香港至自由中國之路綫並不重要、且與中國無軍事上之關係、此言實屬可信、上述種種、並非故作驚人之談、揆之事實、確係合理之結論、以前當日軍由廣州開始行動時、英人所處之地位、甚爲嚴重、其時雖在馬尼刺準備臨時辦法、以便於必要時招待來自香港之難民、但香港當局、絕無焦慮之表示、內部雖已完成　　種種戒備、但並無撤退婦孺之準備、及至特別緊急命令宜佈後、始知香港軍事當局、早巳成竹在胸、而明瞭其職責之所在、英美法各國對於上海一埠、其所持政策究將如何、本埠居民、當隨時留意各國是否將同意日軍之佔領而不加反對、一如日本所提議各國駐軍撤退上海","shunpao"
"275","SPSP194704130401","19470413","反對兩路局貨運營業所京滬杭運輸業集議對策　通過組織聯合促進業務會","shunpao"
"276","SPSP194107030801","19410703","美作家胡爾夫過滬　談德蘇作戰因素　希特勒努力於摧毀蘇聯　但德軍實力已日趨荏弱　德蘇雙方軍力相等明斯克戰事重要　　美國名作家胡爾夫","shunpao"
"277","SPSP194010300701","19401030","全國節儲運動　蔣委長勗勉推進　自下月十日起擴大宣傳　滬上市　民購儲辦法便利","shunpao"
"278","SPSP192309271801","19230927","淸心靑年會舉行交誼會　　大南門淸心兩級中學校靑年會成立已十載有餘會務頗佳昨日下午四時一刻在思鮑堂特開交誼大會歡迎新舊師生蒞會者甚衆潘志浩君主席（一）西樂","shunpao"
"279","SPSP192712102401","19271210","南京市長途汽車將開駛　　籌備已久之市長途汽車事業刻已籌劃就緖茲將内容情形分述如下","shunpao"
"280","SPSP194109161001","19410916","遣送難民委員會　昨日宣告解巨散　尚有英鎊美元存款甚多　由工部局指定三人員保管","shunpao"
"281","SPSP194711070401","19471107","發起勸止吐痰運動全市警察率先倡導各界組委員會積極推進","shunpao"
"282","SPSP194109050601","19410905","太平洋和戰問題　已臨近最後關頭　美決不放棄海洋自由　赴蘇油船駛近日領海　白宮否認近衛建議晤羅斯福說","shunpao"
"283","SPSP193701171001","19370117","日方增設駐華特務機關　　遍設於七省工作加密　陸海軍共有二十二處　　天津通信、冀察魯晋綏寗靑七省及內蒙各旗、自去歲下半年以來、日方特務機關遍地設立、迄今年現時止、該項特務機關、又已漸向黃河兩岸之豫·皖·兩省發展、最近鄭州特務機關之破獲、卽其一例、據此間所聞、日方各特務機關、今歲均皆增强、擴大級織、每一機關、設調查情報·外事·三系、工作人員、視地點重要與否、由十四五人以至於二十餘人、如平·并·綏·通·事務繁劇、復有副特務機關長之設、正式工作人員、皆屬軍人、尚有所謂臨時機關員者、則多半因其計劃上之運用、尋覓適當者担任、而付以特殊費用、受此種雇傭者、以無聊軍人政客為多、所以每一特務機關、究有若干人服務、不得而知、九一八事變後、華北外交、已失常軌、日方之主持者、半屬特務機關、故演進之下、此種公開在找境內活動之軍事秘密工作組織、竟至特別發達、馴至我外交對象、亦不得不以之為相手方、寖假成為受對方非法交涉控制下之局勢、今歲各特務機關整飭後、除各受駐在區域之軍部直轄外、彼此則為聯絡緊密、消息上力求傳遞迅速、一應情報、互相交換、同時還有要事、更逕向東京陸軍首腦部電達、於此可見其工作益邁進也、黃河以北之日方特務機關、佈置大致如下、甲屬於關東軍部者、㊀駐浦州機關長細木繁小佐、㊁駐北事機關長淺野少佐、㊂駐山海關橫山中佐、㊃駐嘉卜寺武藤大佐、","shunpao"
"284","SPSP193506030901","19350603","本市新聞財部實力援助錢業　孔財長昨午後由杭返滬決發公債二千萬元援助　　新聲社云、行政院副院長兼財政部長孔鮮熙、爲救濟市面安定人心、前晨、由京到滬後、曾一度召集銀行界領袖會商、嗣孔氏因事前晚赴杭、詎到杭勾留一宵、接中國銀行董事長宋子文氏之電促、卽於昨晨九時許、乘汽車循滬杭公路返滬、再在閔行換乘由滬往迎之自備汽車、於下午一時三刻抵埠、返西愛咸斯路私邸休息、旋卽於二時許、再行邀集銀錢業領袖續商救濟市面安定人心緊急辦法、首為宋子文氏往訪、繼市商會主席俞佐廷。錢業公會主席秦潤卿。等續至會談逾一小時之久、將近三時半、各人始辭出、其後於四時四十分、復有本市長吳鐵城往訪、晤談至五時半辭出云、　　財部援助　　中央社云、本埠錢業、前因美豐·明華·兩行停業關係、故亦有數家遭其波及、亦致宣吿淸理、錢業公會方面、因而呈請財部、予以援助、並由該同業公會主席秦潤卿代表、晋謁孔部長、瀝陳困難情形、孔部長以錢莊營業、爲救濟工商業、安定市面起見、關係工商業甚鉅、當已允由政府實力援助、經决定以錢業準備庫押品、財部先撥借公債兩千萬元、以資救濟、並派定徐堪·杜月笙·王曉籟·顧飴穀·秦潤卿·等組織委員會、負責辦理對於各錢莊之因正當營業、而周轉不靈者、放貸欽項、盡力援助、各錢莊得聞此舉、極深感荷、均已安心照常營業、又據財政部要員稱、孔部長對於本市銀行錢莊、向屬盡力援助、本市金融、極爲安定、市民儘可安心、勿爲奸人謠諑所動云云、　　錢業會議　　錢業同業公會、於昨日下午二時、舉行第二届第二十次會員代表常會、","shunpao"
"285","SPSP194006091001","19400609","兩租界當局研究實施統制米巿　國米限價陽奉陰違擬予廢止　强迫米商一律入塲核定成本　　茲據平明社記者訪悉、法租界平價委員會、與公共租界物價委員會、爲謀調整米糧起見、繼續研究共同統制米市辦法、平價委員會、現行之不公正限價辦法、即欲廢止、實施新辦法、助成米市塲良善而正當之交易、望各米商努力於重整上海國米之正常供給、而使米價趨於合理化、但亦保留有權按照法總領事署第七十八號署令之規定、懲處一切弊端、　　市塲改善　　在較廣大及較正式之基礎上、改善米市塲、其辦法","shunpao"
"286","SPSP194104120701","19410412","大宗洋米成交　　調查存米因虹口戒嚴未果　一週內訂米成交二十萬包　　豆米業同業公會本週華洋堆棧存米調查、截止昨日、尚未正式調查竣事、據該會負責者報告、前昨兩日、因虹口日方戒嚴、以致該會調查員無法前往、故本週存米調查、須延至下週四五竣事、惟據該會負責者估計、本週華洋各堆棧存米數額、較諸上週增加二三萬包左右、因上週末、及本週初、去路清淡、來源湧也、　　洋米成交　本市一般正當米商、咸爲未雨綢繆計、及增厚米棧存底起見、均先後委講英商合義洋行、法商達孕洋行、瑞商福家洋行、日商日信洋行等、代電外洋各產米區、訂購大宗洋米、俾次第運滬調劑、據悉在此一週以內、共計電洽成交洋米達二十萬包左右、其成交價格每包","shunpao"
"287","SPSP192306131801","19230613","名女伶雷麥之小影　　雷麥女士爲近世電影界著名女伶之一生平傑作極多如「三剣客」","shunpao"
"288","SPSP194109230701","19410923","工部局總董籲請各方　共維法治與安寗　盼居民與政治圍體協助　保持公共租界國際狀况　　工部局總董李德爾君、曾於咋晚","shunpao"
"289","SPSP194007091101","19400709","駐滬義當局頒種族歧視命令　禁海陸軍人與猶人往來　不得入虹口猶人咖啡館","shunpao"
"290","SPSP192312161801","19231216","法國兒童玩具展覽會開幕昨爲第一日逐日展覽至二十三日　　法工部局董事會現特舉行法國兒童玩具展覽會昨日","shunpao"
"291","SPSP193008050801","19300805","","shunpao"
"292","SPSP193108131201","19310813","地方通信松江　　割　菜被毆負傷　三友車行職員謝伯常周勝言、於前日下午五時、相偕至鐵路水亭旁荒地上、割取野莧菜梗、乃有口操客音之婦人、出而禁阻、破口謾駡、謝等以地屬荒蕪菜係野生、任人可以割取、該婦勃然大怒、回向鐵路道房、喚同工人七八人、由謝姓工頭率領、突將謝周兩人圍毆不已、繼以捆縛、吊懸樹上、用撬路鐵棍及煤鏟等械亂擊、鄉人觀者如堵、咸以該婦悍潑、無敢上前勸阻、乃往報松江站長、蒞止喝阻、而謝工頭知已肇禍、堅欲將謝周解滬核辦、旋經衆排解、蓋謝周負有重傷、亟須醫治、當經車送松江醫院診治、茲悉該處鄉人、以該婦係某工人之姘婦、屢　事端、特公呈站長請求轉呈嚴辦、而受傷之謝伯常周勝言、亦已報請旅松寗紹同鄉會援助、　　飛機下墜損禾交涉　本日","shunpao"
"293","SPSP193603011001","19360301","魯蕩平由漢飛京　　漢口　中央委員魯蕩平、前日由湘到漢、二十九日午卽乘中航公司郵航機飛京、至魯氏兼任鄂省黨部特派委員、將於二日在中央黨部舉行宣誓禮、三四日內卽來鄂就職、","shunpao"
"294","SPSP193102081401","19310208","廣濟輪電告搜獲軍械","shunpao"
"295","SPSP192901291901","19290129","自由談記天津中西服裝賽艶會  履霜轟動津沽之萬國服装大會。係萬國扶輪社爲防盲學校籌募基金發起。業於本月十七夕。在英中街利順德飯店舉行。到會人數。踴躍異常。丁字沽前。幾若舉國皆狂。是夕蒞會中西士女一種懽樂之情。與夫熱心善舉之意。流露欵洽。各盡其致。空前盛舉。氣象萬千。茲將節目與會場狀况。略述其梗槪焉。　　會場花絮多奇趣利順德飯廳。而積絕廣能容納千餘人。屋際滿佈各色燈景鮮花。光　燦爛。鮮耀奪目。西北隅搭一臨時戲臺四周圍置籐椅。藉備女賓勞趾。小事休息。復有扶輪轉盤。擲球處。均贈彩引人興趣更有妙齡西女十數人。繞場分售鮮花氣球等物品。售資槪歸義舉。故人皆樂購之。並有一埃及婦人。特設命相處。觀人掌紋。能斷休咎所言輙中。問津者趾踵相繼。生涯獨盛其餘臨時出售飮料各物品處。皆屬極精美之品。大有供求不應之勢云。　　音樂悠揚節奏新會場門之南端。有音樂師八名。斷續奏演。此爲第十五師音樂隊。久已著名全埠。是夕特盡義務。節奏齊新至各國表演服裝時所奏之專門音樂。均係自備。其跳舞時之音樂則聘請美國第十五運軍之音樂隊。和音悅耳。頗爲斯會生色不少。　　窮態極妍齊表演時裝賽艶。各盡鈎心鬥角之智能。追逐舞場。圖爭雄長。每隔半小時。即由來賓跳舞一次。其表演秩序㈠日本服裝。日本表演古裝爲九世紀。表演者太加崎女士。十一世紀。表演者尤加母藤夫人。十四世紀。表演者太加崎女士。十六世紀。表演者客夏哈拉夫人。廿世紀。表演者太加珠女士。日本舞蹈希加殊夫人。日本歌太加崎君。凡裝束舞蹈唱歌。均極可觀。日本服裝。帶有古風。與中國古裝之長裙大袖。略有相似處。㈡德國服裝。組織共分三節。第一爲「收穫節」表演一種農民風氣。由德義洋行德人包羅飾田主。羽帽革衣。均有紅綠飄帶。並有大傘一具爲前導殊覺奇趣。此種裝束。聞在千年以前者。次爲「拍節舞」末場爲「旗舞」。用丈餘之大旗在場揮舞。飜飛不已。駐津德領事培次博士亦參加表演云。㈢中國服裝。分唐宋元明清及民國歷代爲秩序。由張賚卿夫人。關菁麟夫人。鍾小垣夫人。胡光鹿夫人。鄺培齡夫人。林叔暉夫人。及梁蕪卿先生之十一十二十三女公子。蔡述堂先生之第一第三女公子。鄺榮光先生之第五女公子。張公撝先生之長次二女公子。及王女士等。分別擔任。統觀古裝中以胡光鹿夫人之紅樓夢服裝爲最美。張美玉女士之新娘時裝爲最艶。）見所刋攝影中","shunpao"
"296","SPSP192306281801","19230628","「多情英雄」影片之述評　　「多情英雄」一劇之所以擅勝者有三特點一結搆精密不落常窠二人敷稀少表情繁多三景色天然引人美感此劇自台至終祗爲三人之事餘者僅屬備員而巳其間赴湯蹈火危險非常以愛情而兼冒險之片僅以三人出之自此劇外未之見也　　此劇節係述加拿大西部深山中之一段艷史其地萬山叢疊交通阻塞與外界相隔絶故人性懭悍泯不畏法一日有少年名温東者路經此處遭人訛詐適爲同寓之少年史蒂所見起而相助得解此難於是二人締爲深交遂結屋山中以獵度活其時温東有一好友名番元者年巳耆邁居於山之北偏因犯罪圖遁携其愛女媚麗駕舟而逸水湍流急幸不覆没得達温所後番元因傷重死臨終時托孤於温囑渠保其女送歸伊姊家中時巳嚴冬氣候奇寒積雪滿谷難以行走女遂留居温處料理雜務媚麗天眞爛漫稚氣未脫不知情愛爲何物惟史温二人對此佳麗難免心動爭各獻其愛情於媚麗之前以此因愛生疑因疑生妒二人時生衝突幾至用武幸媚麗週旋於二人之間無所偏袒且時爲勸解得以隱忍不發然面和心違大非昔比蓋由契友面爲情敵矣時冬盡春回萬木向榮致發生野燒一時火逞風勢頃刻蔓延至數十方里逼近温所三人倉皇出走在烈火中狂竄而奔温東奮不顧身抱女冒火而出幾遭焚斃惟史於中途爲烟所迷暈絶倒地勢將垂危而温不念前慊重入火光烟氣之中挾之而出史感其再生之德前慊盡失重爲良友女亦佩其英雄願委身事之遂成嘉耦焉　　綜觀此劇情節曲折勝於一般尋常愛情片多多表情亦甚細膩史温二人雖處同一地位而温於愛慕中含沉着之槪史則略帶輕浮女郎之對二人雖亦不分軒輊然於温甚露尊敬及誠摯之態於史則微表輕夷及冷淡之意於一舉一動中顯然分出至爲明晰非易事也其中背景多係實攝有萬木森森之叢林有皎潔皚皚之積雪又有朝噋出林·深山飄雪·幾幕純是天然景色美艷悅自令人油然生美術之感至於急水烈火兩幕最爲奇突當媚麗父母駕舟逋逃一段有數百尺之瀑布一瀉而下以一葉小舟起伏於驚波駭浪之中水勢旋急其捷如飛觀之心悸森林野燒一場一時火熾風盛如摧枯拉朽蔓延極廣袞袞炎燄冒烟而出數十里之森林頓成焦土山中之虎豹狼四出奔竄五光十色令人目眩開未有之奇觀此段攝收得法並施彩色儼然逼眞即熱血鴛鴦中之火景亦無以過之此片於去年九十月間曾出映於愛普廬影戲院田轟動一時今重來滬上故一述之","shunpao"
"297","SPSP192309251801","19230925","中秋節之豫園書畫展覽會","shunpao"
"298","SPSP194108281001","19410828","申請工商助學金　即日開始約談　申請免費學額須特別注明","shunpao"
"299","SPSP194011050701","19401105","在上海美僑　洛續乘郵船歸國　英輪亞后號載去六十人　另一批則乘柯立芝返美　本埠美僑傳於下月可全部撤退　　上海美僑之奉令撤退者第一批三百餘人、其中三百二十五人、於昨晨一時、乘美政府所派第一艘專輪蒙德萊號離滬、此外尚有六十人、則於前日","shunpao"
"300","SPSP192311041801","19231104","學務叢載","shunpao"
"301","SPSP192311141801","19231114","菊花會中之寫生及歡宴","shunpao"
"302","SPSP193108281401","19310828","反日會改革内部組織　　本市各界反日援僑委員會、昨日下午四時、舉行第七次執行委員會議、出席委員王曉籟·王延松·陶百川·鄭澄淸·馮一先·陳松源·張鸿海·奚玉書·李文杰·陸京士·后大椿·方椒伯·張一塵·陳亞夫·林克聰·湯俊生·陳培德·陸星莊·劉士木·王文華·王竹坪。等二十二人、公推陶百川主席、秘書馮一先·薛光前·紀錄、議决重要各案如下、（一）討論常務委員會、提擬修改本會章程、將原有檢察科分爲檢查·偵察·兩科、調查科分爲調查·統計·兩科、請予公决案、議决、通過、並修改章程、各科副主任設一人至二人、推定方椒伯爲檢查科正主任·鄭澄淸·陸星莊·爲副主任、后大椿爲偵察科正主任、陳培德爲副主任、陳松源爲調查科正主任、胡鳳翔·余華龍·爲副主任、陸京士爲統計科正主任、王文華·劉士本·爲副主任、（二）討論虞洽卿委員請辭本兼各職案、議决准辭外務科主任、兼職常務委員、仍予懇切挽留、（三）討論外務科主任繼任人選案、議决推陳霆銳兼任外務科正主任、程祝蓀·李次山·爲副主任、（四）討論實業基金徵收及保管通則案、議决修正通過、全文如下、　　實業基金徵收及保管通則（一）爲貫澈抵貨之最後目的起見、對於目前暫予通行之日貨工藝原料必需品、應徵收實業基金（二）此項實業基金、在某種貨物上所徵收者、應即指定爲創辦該種貨物實業工廠之用、（三）各種實業基金徵收之額數、及詳細辦法、應由本會設計委員商同市商會擬定、提交執行委員會通過施行、（四）各種實業基金抽收至預定相當數目時、應即舉辦工廠、此後陸續徵收、即隨時擴充、以期逐年遞减日貨之用量至自產可以供給爲止、（五）各業繳納之實業基金、即爲實業工廠之股欵俟將來工廠組織完全、按各公司法辦理之、（六）實業基金在未曾足數以前、絶對不能以任何理由、移作别用、並不得發還、（七）基金保管辦法、除由各該業同業公司會·市商會·及本市各選代表三人外、並由本會指定一人、會同保管、俟創立會成立爲止、（八）抽收所得之實業基金、應隨時由保管委員會指定殷實銀行、存貯生息、至籌備委員會成立時、始得决議動用、（九）各該同業公會及市商會選出保管委員辦法、以召集執監聯席會議、用無記名投票法選出爲原則、其當選不限於執監委員、惟各該業同業公會之未成立監察委員會者、得由執行委員會開會選舉之、（十）實業工廠之發起人、以曾缴納該項基金全數千分之一以上或自顧繳股相當於該項基金全數千分之一以上者充任之、","shunpao"
"303","SPSP194103040801","19410304","在華美以美會敎士尙未準備撤退　討論有時未得最後決定　東京方面有十七人歸國　　美國美以美監督敎會某要員前日是","shunpao"
"304","SPSP193007071401","19300707","孔部長歡讌工商領袖","shunpao"
"305","SPSP193007291001","19300729","蘇州觀前坍屋傷人觀前大街現已積極拓寛商店均拆造翻建昨","shunpao"
"306","SPSP194706140501","19470614","各院校卅六年度經常費　一律按二倍半追加　教部已接奉政院通知書","shunpao"
"307","SPSP194104290701","19410429","中中交農四行　昨日已全部復業　各行門首警衛均極嚴密　市塲謠言全息人心大定","shunpao"
"308","SPSP193206051901","19320605","本埠新聞二張習建議建築射陽河海閘　　　阜各鹽墾公司代表張習上國民政府救濟水災委員會文云、江蘇裏下河各鹽墾公司代表呈、爲請予一體待遇、以竟卜河全功、而興百世水利事、查裏下河通海五港、本爲宣洩江北全區積水之要道、尤爲分洩淮漲之要道、無如河道灣曲、水年宣洩不暢、每遇運河開壩、則致下河五縣泛濫成災、一遇旱年、則淡水一洩無餘、鹹水侵灌内地、又致東泰鹽阜淡水滴瀝難求、不但灌溉無資、亦且飲料亦斷、甚致蝗蝻發育、","shunpao"
"309","SPSP193406290701","19340629","時評論禁止有獎儲蓄  謹　　本月二十二日立法院修正通過儲蓄銀行法草案十七條內第十四條規定。「有獎儲蓄應禁止之。本法施行前已辦之有獎儲蓄存欵。其結束辦法。由財政部擬定呈請行政院核定之。」查有獎儲蓄。本爲識者多年所詬病。其所以延年至今日始爲政府明令取締者。原因有自非一端。今政府雖抱定實行禁止之决心。而默察前途。荊棘重重。難免不爲强有力者所阻礙。而致功虧一簣也。　　在我國境內經營有獎儲蓄者。當民國八九年之際。曾盛極一時。厥後黑幕揭穿。信用墮落。乃至紛紛倒閉。政府當局且從而懸爲厲禁。不意事過境遷。此風復張。年來中外金融機關。以辦理有獎儲蓄而收意外之利益者。往往有之。而正當儲蓄事業之發展率。反相見絀。","shunpao"
"310","SPSP194005211001","19400521","美海外貿易週第三日　舉行盛大午宴　國務卿赫爾氏昨晚廣播　亞洲艦隊海軍牧師演說　　美國海外貿易週於前日","shunpao"
"311","SPSP194111071101","19411107","春秋　　糴米的行列  霂長　　近日來市上糴工部局米的人羣，已構成最大的行列；在馬路上有上這般長蛇陣，眞使人心緊張萬分。　　平民在此時此地度生眞要時時刻刻的戰戰兢兢，晚上一打聽到某路某米店有工部局　米出售了，一淸早起來，天還沒亮足，就餓着肚奔去，站在米店前街沿上，等開門。距離糶局米前叫五個鐘頭這長蛇陣已曲曲折折的排成了。等到開始糶米辰光，這長蛇陣不折不扣要拖過四五十間店門面。米店的左而是如此，右方也照樣有行列昂起頭被米吸引着，這就成爲雙龍搶珠式，頗有左右逢源之勢！　　有些孩子老太，終擠不過人家，即使已釗達蛇七寸」上，還要給推擠出來，更橫　箠撻，黃昏含淚回家，還小免飢腸轆轆，人生到此，天道寗論！　　這些悽慘的求生之行列，讓他一直像洪流般展開下去嗎？不要崩决而致泛濫澎湃嗎？　　終算有上一綫曙光，打開了這絕人之路：工部局公定物價正在迅速進行，平準會核准美滙購米也己傳出，局米大批源源而來米市價受此打擊，竟也挫跌","shunpao"
"312","SPSP192309261801","19230926","皇后末路之詳細内容　　「皇后末路」曾在卡爾登戲院映過一旬頗受觀者稱許此片分新舊二片新片計有九本舊片僅七本劇情說明則同卡爾登所映者爲新片今申江大戲院所映者係由卡爾登租來故亦爲新片原名曰passion爲滑稽大家卓别麟新婦巴賴polanegri主演此片係在德國攝成後經美國第一公司修剪即成爲巨大之歷史影片而巴賴在美能受人愛慕者亦得力於此片茲將是片劇情錄述如下當法王路易十五在位之時國内財政紊亂民不聊生路易王性又優柔好淫且乏决斷力一日使命護隊游行街道市民聚觀者道爲之塞其屬下軍官莫不趾高氣揚迨路易王衛隊馳出宮門時適有一工女爲觀衆所擠突出民衆站觀之地致被騎軍撞倒幸未受傷惟女手中所持之帽匣已爲馬蹄踐成　粉於是女大悲尋將毁帽携至製帽店店主婦見而大怒責其不愼且擊其頰女撫面大哭適踐毁此帽之軍官亦至賠其所値又囑店主勿責女並握女臂撫慰女乃大樂軍官臨行時命女於明日造其府第女聞而額手時店主婦亦易其嚴厲之容笑拍女肩但女不之顧　　女名緋麗悠眉美鼻婉媚動人有情人曰季蘭英姿氣昂富有膂力爲有志之青年與緋麗訂有白頭之約次日季蘭造緋麗之室緋麗適盛装欲出季蘭詢以何往緋麗佯言爲陸軍少尉夫人製衣實則欲踐昨日軍官之約也且囑其勿往但季蘭急不允乃携之俱行至軍官家前緋麗昂首直入季蘭則負手在門外鵠候久久弗出詢之門役謂緋麗已與少尉定情行將成婚季蘭聞而大怒欲排闥入爲門役所阻乃悵返緋麗旣入室後少尉即欵以茶點與緋麗言笑甚歡時有上級軍官適來訪少尉乃將緋麗藏諸屏風之後但緋麗生性好動不慣久覊因將屏風推倒上級軍官見而心動即俯吻其手緋麗初縮手不敢後見其無甚變動因亦就之但少尉見之殊爲不樂此後緋麗與少尉往來尤密事爲季蘭所知搥胸大憤　　一日季蘭正在悲傷時忽接緋麗一書云余甚愛汝請忘前愆如君不以見棄者請於明日至跳舞塲一面季蘭誦畢即將書信撕碎擲之於地繼覺於心有愧仍將信取起明日准時往覓時跳舞塲中衣香鬢影紙醉金迷緋麗衣服麗都與少尉同坐於高廂旣見季蘭於人羣中排入乃即躍入廂座趨至季蘭前抱而吻之少尉見而大怒至前斥駡爲季蘭擊倒於是少尉即出劍擊之時與少尉興醋波之上級軍官亦在傍因給劍季蘭欲假手以殺少尉後少尉果爲季蘭刺死而緋麗爲上級軍官刼去以珠鑽誘惑其心使之貼服緋麗果爲其所動但季蘭已琅璫入獄　　未幾上級軍官以負債不能償勢將破產乃命緋麗盛装往見内閣總理意欲藉此誘惑詎内閣總理不爲所動因懊喪而返出皇宮時被路易王所見驚其　麗因命衛兵追回但緋麗不知其故驚而遁歸上級軍官見其不成即斥其無用會路易王出飲於外上級軍官即暗使緋麗坐於其對面果爲路易王所見因抬之入宮早夕與之週旋置國事於不顧緋麗苟有所求路易王無不從之以是上級軍官之債務竟得路易王一筆勾消　　一日路易王正在爲緋麗修剪指爪時内閣總理忽來訪欲其簽一罪人之死狀路易王殊不願見之繼以待者頻請乃乞緋麗予以片刻緋麗佯爲嗔怒路易王見總理後草草將罪狀簽定時緋麗亦至室外從容與總理招呼總理睨視之後緋麗偶見罪狀上注有季蘭之名字因大驚急將　上之吸墨粉瓶易以墨永瓶路易王不之覺因誤將墨水傾於罪狀總理見亦大驚時緋麗倒身於椅中抱首大哭路易殊覺不忍因叩其所以緋麗哭曰彼人爲我之表兄因救我與少尉戰故少尉被其刺死路易王聞之即告總理曰彼人無死罪季蘭行赦後充宮門衛兵後無意中爲緋麗所見乃命陸軍統領爲之擢升統領以王后命故不敢違之蓋緋麗時已正式爲路易王之妻權勢較前尤大　　時國内麵包價暴漲民無以爲食皆淪爲餓莩總理之妹又著一諷駡緋麗之歌謠　佈於外民衆歌之一日緋麗獨行於外聞而大怒急將歌者手中之曲本全數購回返告路易王路易即招總理至曉以利害並欲其使之絕滅此歌總理笑頷之","shunpao"
"313","SPSP194109110801","19410911","吳哲生被綁案　捕房拘獲司機向爲丁錫山日顧問開車　會同日方逮獲押候偵查　　大中華檢膠廠總經理吳哲生、於本月七日淸晨七時一刻、在法租界徐家滙路一〇八八弄華安坊十一號寓所內、突被綁匪十餘名、分乘黑牌照會第二二三五號及三七二四號汽車兩輛、闖入吳之臥室、將吳綁架而云、迄今消息杳然而綁匪所乘第二二三五號汽車、即於當晨十時半許、在公共租界靜安寺路一六二六弄口發現、乃由該管捕房以該案出事地點在法租界、當通知法捕房、將該車駛回偵查在案、茲悉法捕房根據該汽車來歷、拘獲綁票嫌疑犯一名、其破獲經過、緣法捕房自發現該車後、即調查得該二二三五號汽車、爲現駐北橋丁錫山部隊中日籍顧問多多所有向由司機嚴福來","shunpao"
"314","SPSP193703041001","19370304","國際貿易好轉　　一月份全國對外貿易出超五百除萬元　　輸入總額七七·零二六·八零二元　輸出總額八二·二零六·四九九元　　我國對外貿易、雖處世界經濟衰落聲中、而巳顯呈良好現象、江海關昨日發表、本年一月份、全國對外貿易出超五百飲萬元、與去年十二月份相較、入口貿易數字减少、誠无可諱言、然出口數字、趨於增加、實足表示我國際貿易進步、特詳誌如下、　　輸入輸出概况　　本年一月份、全國對外貿易、計輸入總額七七，零二六，八零二元、較去年十二月份輸入總額九二，一五八，三三二元、减少一五，一三一，五三零元、較去年同期六零九五零，二九六元、則增加一六，零七六，五零六元、輸出總額為八二，二零六，四九九元、較去年十二月之七九，八七四，九六四元、增加二，三三一，五三五元、較去年同期之七零，六六九，二五八元、增加一一，五三七，二四一元、總之、輪出方面、本年一月較去年十二月及同期均有增加、本年一月出超為五，一七九，六九七元、去年十二月份則為入超、較去年同期之出超九，七一八，九六二元，减少四，五三九，二六五元、查出超減少原因、由於去年一月份輸入增加、　　輸入主要商品　　本年一月份、全國輸入主要商品類別、白綿布七二零，四三一、染色綿布六二四，五零九、印花綿布三九，七二九、雜綿布五六，六七三綿花綿絲二，六八三，一五二、雜綿製品一五四，五八二、亞麻大麻苧麻及其製品二，三零一，四三零元、毛及其製品二，九九二，－零六元、絲及人造絲及其製品一，一零二，五四三元、金屬及礦石九，九九七，六九九元、機械四，九二七，二二零元、車輛船舶三，三七零，零九八元、雜類金屬製品、三，二六九，六零五元、魚介海產物一，八三九，零零一元、罐頭動物性食糧品等七九七，零六四元、榖雜及其粉九七一，八七零元、果實種子及蔬菜三八七，九一五元、藥材及香料六八九，四六一元、砂糖二，九一五，一六一元、酒燒酒及飲料水一二三，六七六元、酒草二，六一九，八四四元、化學製品及離劑品三，六七零，八零四元，染材顏料三，零四二，五六三元、蠟燭肥皂石油脂肋膠一二，二七零，一－九元、書籍手帳地圖及木造紙、四，九二六，二零六元、皮革其他動物製品三八一，一五一元、木材八七二，九三八元、水竹藤棕梠及其製品五四零，二二五元、瀝青石炭八三五，八九七元、磁器玻璃等五三六，四七七元、石料泥土製品三零一，六二五元、雜品七，零五五，零二六元、總計七七，零二六，八零二元、","shunpao"
"315","SPSP194103191001","19410319","美國明白表示　不惜訴諸武力　竭力援助中國制裁侵略　羅斯福對日作最後警告　英文大美晚報昨日之評論","shunpao"
"316","SPSP194101231501","19410123","高爾德游重慶　謁見蔣委員長記","shunpao"
"317","SPSP192312031801","19231203","婚禮新誌","shunpao"
"318","SPSP192312051801","19231205","球戰歡聲","shunpao"
"319","SPSP192312121801","19231212","藝苑清音　　青年書畫會籌備新年展覽本埠青年書畫會近徴得名人書畫百餘幅又本會會員出品佳者數百幅昨該會職員會議决定陽曆新年假三馬路慕爾堂開展覽大會推定劉文淵錢季寅等積極籌備並分函全國徵求名人出品","shunpao"
"320","SPSP194102160901","19410216","遠東危機暫不致爆發上海情勢漸平靜　美僑仍在準備撤退事宜　駐滬防軍繼續維護權益　西報認恐惶局面全由投機者掀起　　最近自日本南進野心、日趨積極後、太平洋局勢、驟見緊張、美國爲採取預防步驟起見、又已重申撤僑之勸吿、若風聲鶴唳、有不可終日之勢、但就昨日發展以觀、情形甚爲平靜、似無想像者之緊張、此間美僑、均抱良好精神、接受華盛頓再度發出之迫切警吿、然亦有不完全明瞭其意義者、本市美領署官員謂彼等不能向全體「非必要」美僑解釋國務院二次發出正式警告之原因、但警吿美僑歸國、必有良好理由、則無疑義、領署官員將賡續催促在此緊張時問、並無絕對留此必要之美僑回國、惟署方能給予何種合作、或有何種具體辦法、以促進撒僑之進行、則不甚明瞭、據領署估計、非必要美僑或有三分之二至四分之三、約計一千三百人、業已啟程回美、尙有若干美僑、依理亦應歸國、　　仍有的款　足供急需　　但依據美國法律、當局不能强迫人民離境、所幸多數美僑、皆竭誠與政府推行其遠東政策相合作、旅滬美僑利用政府特殊計劃、借款充返國川資者、不出二十人、足見美僑殊少乏款難以成行者、然就精神言、出貸川資之計劃、實有採行之理由、此間美當局現仍有的款可得、以備緊急時應用、　　美輪艙位　預定一空　　據輪船公司消息駛美輪船莫不乘客擁擠、一都份固屬撤退之美僑、一部份則係普通旅客、各船頭等艙船票、現已預定至四月份、普通艙船票至少亦已預定至四個月後、下次駛美者爲二月二十五日離滬之柯立芝總統號輪、船票業已全部售空、　　日方認爲　無庸撤退　　大陸報云、據同盟社消息、新任駐滬日陸軍發言人秋山少佐、於十五日下午後初次招待本市西籍新聞記者、各記者紛提問話、秋山答覆時、嗤笑外報所載太平洋區益趨緊張之電訊、據稱、渠不解美僑何故離中國、美國冉度勸吿其僑民撒退、事頗可奇、日人希望許多美國友人將留居上海、此種希望、亦適用於各國僑民、初不僅美僑而已、渠與全體日人、俱認日本將「盡力維持和平到底」云、日大使館與海軍發言人之觀察，與秋山完全相符、秋山雖承認遠東局勢更爲困難、但切言上海情勢已轉佳、　　規化公民　返美限期　　本市美領署某員昨","shunpao"
"321","SPSP193409131401","19340913","體育新聞　　滬港津三角　　埠際游泳今晚開幕　　晚九時在蒲石路法商總會　　連續舉行三晚港希望最强　　滬港津三角埠際游泳錦標賽、巳定今晚九時在蒲石路法商總會游泳池開幕、裝連續運行三晚、三埠精英、巳集中完畢、凖備奪標、以港軍最强、其中有華選手四人、尤受人注意、正式賽之外、每晚尙有其他游戲表演、門票價一元最後一晚二元、三晚秩序如下、　　今晚九時　　（一）二百二十碼自由式决賽　　（二）百碼娃式决賽　　（三）一百四十碼自由式替換賽　　（四）水球練習賽－香港對滬聯隊　　明晚九時　　（一）八百八十碼自由式决賽　　（二）一百碼自由式决賽　　（三）一百八十碼花式替換賽　　（四）水球練習賽－上海對滬聯隊　　後晚九晚　　（一）五十碼自由式决賽　　（二）百碼仰泳决賽　　（三）花式跳水　　（四）四百四十碼自由式决賽　　（五）水球决賽－上海對香港　　百碼蛙式","shunpao"
"322","SPSP192807061501","19280706","本埠新聞二跑馬總會購進怡和房子","shunpao"
"323","SPSP194006081101","19400608","滬歐郵綫或將更改　地中海形勢倐變　勢將繞道好望角","shunpao"
"324","SPSP194005220701","19400522","日邀集各國司令　商上海今後局勢　美出席人表示維持現狀　會談結果未獲具體結論　　自歐戰爆發以至擴大後、滬上空氣、雖極緊張、但治安上則甚安謐、迨美國亞洲艦隊司令赫德上將、與歐洲各國駐華防軍長官、協定共同維持華中華北現狀後、陰霾更爲之一掃、無如日方又借題發揮、藉口義大利參加歐戰問題、日來因該國軍政要人所發言論及北部佈防之積極、使人愈覺其可能、　　日邀各國　司令會談　　上海爲國際駐軍區域、央法美三國與義大利防軍、將米隨時均有衝突之危險、爲表小其「關心」起見、特於前日","shunpao"
"325","SPSP194005300801","19400530","法租界斷行平價　將用警務力量　對商人警吿時期已吿終　平價委員會決盡力執行　公共租界尚未決定斷然步驟　　大陸報云、法租界食物商品平價委員會某委員、昨","shunpao"
"326","SPSP193008311501","19300831","敎育消息體育中華榮獲扶輪杯昨日雙打丨直落三又勝英","shunpao"
"327","SPSP193604140901","19360414","中交等五銀行組銀團　辦理收繭放欵　　總額二千萬元利息不到九厘　廠商請展收繭登記截止日期中國·交通·上海·江蘇·浙江興業·等銀行組織銀團、辦理江浙兩省收繭放欵、總額爲國幣二千萬元、茲誌詳情如下、　　中交五行合組銀團　江浙絲廠業、曾推派褚慧僧等、謁中國交通等銀行領袖宋漢章唐壽民等、請求借欵給絲廠商人、收買今年春繭、曾得各銀行之同意、今中國。交通。上海。江蘇。浙江興業。等五銀行、業經會議决定、由以上五銀行聯合組織銀團、辦理今春收繭放欵、總額爲二千萬元、　　二千萬元　五行分擔　該銀團總額二千萬元、由五家銀行分擔、以中國交通兩銀行居多數、上海江蘇浙江興業三銀行次之、規定凡江浙絲廠商人、得向該銀團申請借欵、經審査合格後、卽行核放、利息自八厘半至八厘七毫半、惟須三成塾頭、以收入之繭子、全部爲擔保品、　　收繭登記　明日截止　據絲業界息、浙江省蠶絲統制委員會辦理絲廠商人收繭登記决於明日","shunpao"
"328","SPSP193503020901","19350302","英法外長巴黎談話兩國共同立塲不變　　確認倫敦宣言整個不可分　　西門訪德僅限於探詢性質　　［巴黎］本日英法兩國外長在英國駐法大使館宴會席間及宴會後、舉行談話、歷兩小時餘、參加談話者除法外長賴伐爾·英外相西門外、人數極少、且相約保守緘默、故外間無從探得消息、但聞英法外長就二月三日之倫敦宣言書、作澈底之探討後、業經確定兩國所已採取之共同立塲、並無變更、德國雖企圖將倫敦宣言書中各項要素、各相分離、然英法兩國則始終承認倘欲求歐洲之真正和平、則英法提議必須保持其不可分性、英法所提議之天空公約·多瑙河公約·東歐公約·德國重返日內瓦·簽訂軍備限制公約等各節、有同等之重要、必須同時加以討論、欲解决其中之一節、必使其他各節一併解决而後可、此外並聞西門訪德、將僅限於採訪性質、西門將向德國政府領袖説明倫敦恊定之目的及範圍、二月十七日德國致英法之覆文、僅述及天空公約一項、西門則將向德國政府探詢對於英法恊定之整個意見、嗣後西門將即返英國、俾與法國恊同考慮談判是否有再行發展之可能、屆時或將派員赴莫斯科·華沙·及捷克京城一行、至於西門訪問東歐各國首都之日期、偶而延遲、並未含有他意、蓋蘇聯固尚未作正式之邀請也、且西門赴東歐游歷、本屬限定俄波兩國、現此種計劃亦不妨略加變更、蓋捷克等國與東歐互助公約有特殊之關係、西門或亦有順道往訪之必要也、總之此次英法談話、業經重行確定英法兩國仍抱倫敦宣言書中所聲明之共同見解、查西門往訪德國之舉、法國自始表示信任、今西門啓程赴德之前、英法復有此種意見一致之表示、不可謂非極關重要也、","shunpao"
"329","SPSP193610031001","19361003","體育新聞出席世運會　吾國代表團今日抵滬　下午一時在招商局北棧登岸　今日各界在靑年會開歡迎會","shunpao"
"330","SPSP193811110801","19381111","統一玉萍兩公債　昨日舉行抽籖還本　總共還本三百三十五萬元　付款玉萍月底統一一月底　　民國二十五年統一公債丁種價票第六决還本、暨民國二十三年玉萍鐵路公債第七决還本、於昨日上午十時在銀行公會舉行抽籤、到上海市商會裴雲卿銀行公會齊雲靑。錢業公會沈景樑·國債基金管理會林康侯·第一特區法院潘詠樞·中央銀行王霖·中國銀行唐鉉孫·交通銀行范楚臣、等二十餘人、茲誌詳情如下、　　主席報吿　　裴雲卿主席報告云、、今日為民國廿五年統一公債丁種償票第六决還本、暨民國二十三年玉萍鐵路公債第七决還本抽籤、其抽籤辦法統一採用末尾三位號碼、玉萍採用末尾二位號碼、茲將上項各公債經過情形略為諸君報告、統一丁種發行於民國廿五年二月、定額國幣五萬五千萬元、此次係第六决抽籖五支、每支五十五萬元、共還本銀二百七十五萬元、玉萍鐵路發行於民國二十三年六月、定額國幣一千二百萬元、此决係第七决還本、抽籤五支、每支十二萬元、共應還本銀六十萬元、玉萍公價中籤債稟應付本銀與到期息銀、定於二十七年十一月三十日開始付款、由各地中央·中國·交通三銀行經付、統一公債丁種抽中債票、應付本銀與到期息銀、定於二十八年一月三十一日開始付款、由各地中央銀行及其委託之中國交通兩銀行暨中央信託局經付、現請監視員查騐籤支及底簿、以便執行抽籤、　　中籖號碼　　經監視員查騐籤支及底簿後、卽由中中交三行代表執行抽籤、（一）統一丁種五支、〇二九號·二六四號·七二七號·八七九號·九四一號、（二〕玉萍公債五支·〇四號·一七號·二七號·三四號·七七號、卽日佈告俾衆週知、商號發票　應貼印花　　市商會致函棉布業　轉勸同業照章貼定　　上海市商會昨函棉布業同業公會云、逕啟者、頃接在裕泰茶葉號第四發行所函稱、敝號頃向南京路第六一四號信大祥布號購得郵包布一疋、計國幣八元二角、當請該號開得發票一紙、豈知該號非特未曾照章黏貼印花、抑且發票上復不印明牌號、可見該號實有意圖規避貼稅之嫌、極為明顯、竊維各業處此國家多難之秋、咸應共同維護國稅之收入、庶幾無愧於心、爰特檢附原發票一紙、備函奉呈、伏乞俯察、並予函達該號、切實糾正為荷等語到會、查納稅為國民應盡義務方當此非常時期、國用浩繁、凡我國民、允應守法、自動納稅、不待國家之督促檢查、日前一分二分印花、曾有一時斷檔、現在業已到滬、該號業務、屬於棉布業範圍、所需印花稅票、儘可向貴會接洽、當不致於無從購貼、用特函達、至希切勸該號、嗣後所出發票及其他文件、凡依法應貼印花者、務須照「非常時期印花稅征收暫行辦法」之規定、照章貼足，是為至企、各地豐收　到米湧旺　國米恢復轉口　竟力穏定米價　　上海荳米業公會議决昨日起實行恢復國米轉口後、已核准寗波等處辦米七萬元、市塲因南北帮羣起採辦、米價飛漲、管理委員會已設法穩定、各地晚稻豐收到米湧旺、茲誌詳情如下、　　首批待運　　恢復國米轉口已於昨日起實行、已向荳米業公會申請發給進運蹬明書者、（一）寗波食糧運銷公司五萬石、備有該公司之證明文件（二）泉州合記公司一萬石、備有晋江縣商會之瞪明文件、（三）鼓浪嶼美利隆公司一萬石、備有該地米業公會之證明文件、以上總計七萬石、業經該會核准、一俟補辦手續完竣、卽行發給准運蹬明書、分批裝輪起運、是項國米均係維持該地民食之用、　　穏定米價　　荳米業市塲因南北帮羣起採辦國米轉口、因此米價飛漲、經市塲管理委員會竭力設法穩定後、昨日頭號白米的十二元五角、較前日已回降二三角、南帮向市塲採辦國米、已成交者總的二萬石、决俟領得公會證明書後、分批裝外輪起運、荳米業公會已飭市塲管理委員會、隨時將市塲米價報告、並嚴格禁止超過十四元限價、防止投機者之操縱壟斷、同時設法疏通來源、　　到米湧旺　　今年江浙皖各地晚稻、因雨水調勻、均吿豐收、自滬市恢復轉口後米價飛漲、各販米商人因有利可獲、紛紛向產米之區採辦、所以連日到滬之米，甚為湧旺、大多係由長江下游各口岸裝外輪來滬、用民船由內河來滬者為數甚少、因沿途苛稅過重、米商不勝負擔、至於滬市存米","shunpao"
"331","SPSP192310161801","19231016","學務叢載　　敎育界之各項消息合誌如下　　林郁初重行赴美留學汕頭林郁初君自庚辛年畢業灑江大學後即任角石中學校長今夏流美擬人哥倫比亞大學專攻敎育豈知因所乘者爲二等艙位抵美後受波折而歸返國後重新措理各項手續現已完備并另購頭等艙位定明日放洋云　　之江同學會選新職員之江大學旅滬同學會上星期日","shunpao"
"332","SPSP193006281101","19300628","國際要訊","shunpao"
"333","SPSP192312041801","19231204","萬國競走舉行在邇","shunpao"
"334","SPSP192312071801","19231207","學務叢載　　飛虹校將開懇親會閘北市立飛虹學校定於八日","shunpao"
"335","SPSP192312111801","19231211","學務叢載","shunpao"
"336","SPSP193310042801","19331004","汽車新聞","shunpao"
"337","SPSP192211241601","19221124","臨池家注意賞鑒家注意●王虚舟篆書千字文此爲王虚舟墨寳之一杭州高氏藏本係以玉筋篆書千字文按千文字各不同作者極難學篆者臨慕之可收事半功培之效且此册藏者至爲珍秘故字跡完好本店用新法影印與原本絲毫不爽　一册　定價四角●顔魯公草書古柏行魯公草書流傳者僅祭姪稿爭坐位等數種然皆漫漶不堪此帖原爲海内珍本曩爲日人購去迨上年虎林黃韜盧少將遊日以重值購回本店借付影印以供同好字之大小與原本絲毫不爽至裝訂之精良猶其餘事　一大册　定價一元●姚鳳生楷書磚塔銘姚孟起眞書直入晉人之室爲有淸書家中之卓卓者此係磚塔銘墨跡原跋云此碑筆意與衛晉武公碑爲近而結體綿密初學熟習之於歐褚兩家均可得門而入矣學校可用作習字範本一册　　定價二角●當代名人眞蹟係集現代書家康南海張季直沈子培吳昌碩曾農髯鄭孝胥等十六人墨寳印成一册定價四角●五尺吳昌碩畫石堂幅此係吳昌碩所畫極凌贈之致用珂㼈牌精印每幅　大洋八角●六尺梁山舟七言聯女曰淸標岳立嵩衡峻雅量春浮渤澥寛　每對冷金八角　藏金七角　宣紙六角●四尺楊見山隸書屏此係臨漢碑四種楊見山晚年得意之作懸之座右　資模仿　每堂　定價一元●五尺淸道人四體屏淸道人書法名滿海内久爲世所珍賞此作眞草隸篆俱備而草字係法漢之章草尤奇古無晋唐人習氣　每堂定價一元六角●四尺張叔未横幅隸書時選讀我書五大字縣之書室最爲相宜杭州根石草堂藏　每幅定價四角●四尺張季直横幅係草書關尹子一則極筆酣墨舞之能事杭州根石草堂藏　每幅　定價四角以上十種照碼八折實洋外埠函購滙兌不通之處可用郵票代價九五折算寄費加一成半惟印花票外國郵票一槪不收用開設閘北鴻興坊●上海古今圖書店總發行●上海四馬路中啓新書局代發行分發行所　▲杭州古今圖書店　▲雲南中華書局▲蘇州振新書局　▲烟臺福裕東書局▲開封龍文書局　▲山西普新書社▲成都介文社　▲長沙羣益書社▲漢口東壁圖書社　▲各埠各大書坊新書六種第一便宜分期標賣●注意價目表中………●方知實在便宜名勝古蹟大觀●全書三十萬言　●皮面金裝一巨册本書編輯七年　増删五次　凡我國各地勝蹟搜羅無遺　出版以來　風行海内　刻今五版印成　又添入各處勝景甚多　較以前所印　尤爲完備　書中共有名勝古蹟三千二百四十處　均詳細考證古蹟之由來　及水陸路程　得此一書　可爲遊覽山水之指南　况大地山川　歷朝勝蹟　俱有實地攝影之插圖　凡一百二十八幅一編在手　雖足不出户　無異走遍天涯華佗神醫秘傳●全書古裝一册　●附有華陀眞像三年前本局在安徽收集古書　於亳縣姚侗伯君處得見姚君遠祖襄定公手抄華陀秘方二十卷按方施之　皆奏奇驗　鳥獸有病　亦可醫治姚君囑本局印刷千部　以資流傳　而救病苦爲濟世壽人起見　定價極低　不折不扣　現因所存無多　故亦分期標價　以期早日出淸　結束手續　此書售完　永不再印　購置一部　無病防病　有病自醫　實爲家庭必備之要書也新小說大觀●全書洋裝六册　●附送精美書盒合六種最新最趣之社會小說　併成一部　故名曰","shunpao"
"338","SPSP194104220701","19410422","繼續厲行限制用電　逾額須六倍收費　用電分配報告商待研究　希望各類用戶盡力節減　　據工部局發表、本局前爲研究分配用電起見、曾特設一委員會、負責檢討並建議分配辦法、該委員會刻已繕具報告書、此項報告書、將由新董事會予以考量、查限制電力供給之任何嚴峻辦法、其影響所及、當非淺鮮、允以對於工業方面爲然、目下工業用電、的占上海電力公司產電量百分之七十二、職是之故、上項報告書、允宜加以縝密之考量、以昭愼重、　　煤斤存底　數額日蹙　　頃據上海電力公司報吿、目前所施行限制用電辦法、即對於每月用電在一千度以上之用戶、按其標準用電量分配百分之七十、超過此項分配量部份、按收費率三倍收費、對於節電一層、未著成效、而煤斤消耗數量、則遠比補充數量爲大、本年二月二十四日、該公司煤斤存底爲十五萬另七百噸、自於四月一日、則已减至十二萬噸左右矣、　　超過分配　六倍收費　　本局鑒於該公司燃料存底日益减削、而特別委員會報告書之考慮、尚需時日、爰經核准上項限制用電辦法仍繼續有效、但超過核定分配量之部份、其收費應自三倍增至六倍","shunpao"
"339","SPSP194110260801","19411026","著名白俄軍事家　莫氏壯烈自殺　　被指在法租界私設電台　不願作階下囚自殺殞命　　英文大美晚報云、曾任蔣委員長軍事顧問、並曾在中國軍隊參與戎機之白俄莫洛契柯夫斯基將軍、現年四十五歲、寓辣斐德路五五九號D、法租界警務處偵知其在界內設有秘密無綫電台、於今","shunpao"
"340","SPSP194005070701","19400507","美國敎育家來滬　述中國抗戰到底　日本議和階段已成過去內地民氣激昂信念彌堅","shunpao"
"341","SPSP193605191001","19360519","本市新聞","shunpao"
"342","SPSP194202080201","19420208","日機月夜襲仰光　發生大規模空戰　怒江兩岸砲聲震天　　馬來日軍基地七日同盟社電日轟炸機隊自昨夜至今日拂曉、飛仰光轟炸有四次之多、各機均安然飛回、又據報吿、當日機襲仰光時、曾與敵機發生大規模空戰、　　仰光六日路透社電今晨日機向仰光區施行規模最大之月夜轟炸、日機自晨三時起、分六批飛襲此間、歷四小時始解除警報、日機之目標、顯爲仰光以北之機塲與市區、日轟炸機與英驅逐機聲響成一片、由英機所發之機槍聲、證明雙方曾發生空戰、今晨爲連續月夜空襲之第三夜、死傷及損失不明、九時十五分復有日機一批飛此投彈、　　仰光七日路透社電陸軍當局昨夜宣布、怒江","shunpao"
"343","SPSP193102221401","19310222","旅館業要求修正營業稅","shunpao"
"344","SPSP194101150901","19410115","華軍開抵太湖西岸　向日軍據點進擊　眾信不久將深入上海四郊　嘉善華軍在陶莊予日重創","shunpao"
"345","SPSP194009180701","19400918","兩租界防範益嚴　滬市民眾極振奮　控捕防軍商團同時出動　昨今兩夜宵禁從嚴執行　　關於公共租界曁法租界連日加緊出防情形、巳迭誌本報、茲悉兩租界警務當局及各國防軍、今日仍繼續防範、並將宵禁從嚴執行、以維治安、故全市民衆、甚爲振奮、茲分誌各情如决、　　軍警出動聯合戒備　　公共租界警務處、巳定自令晨五時起、在邊境及界內施行特別戒備、並商請駐滬美義兩國防軍、各在原防區內酌派隊伍出防及巡邏、警務處除全體警員出動外、特別巡捕亦將奉召參加、並於若干馬路加以封鎖、至於法租界方面、自施行臨時緊急戒備後、今日更行嚴密、至法僑義勇隊、亦巳奉命一齊出動、　　商團各隊奉令協防　　又公共租界萬國商團、昨巳由商團總司令部發出命令　準備出防、惟該團之A字大隊、自本月十五日至二十六、因須擔任虹口西眍防務、仍在該區內負責防務外、奉召者有中華隊·美國隊","shunpao"
"346","SPSP194007310801","19400731","十四種以外貨物　出口免結外匯　結匯貨照實售八成結算　銀行手續費準免予繳納　　財政部訓令商會頒佈修正貨物結滙報運辦法云、（一）所有出口貨物除桐油","shunpao"
"347","SPSP193606201501","19360620","明日夏至　黄浦江有高潮","shunpao"
"348","SPSP194102110701","19410211","美作家卡爾遜過滬　談中國不可屈服　軍民充滿活力氣象蓬勃　交通建設已臻現代條件　　上年秋來華考察之美作家卡爾遜、在我國內地遊歷、凡五閱月、遍歷西南諸省、旅程逾四千英哩、最近始出渝飛港、乘克里扶倫總統號返美、於前日返滬、記者往謁於旅决、據謂放華半載、印象極佳、渠謂中國民性、忠毅沈厚、益以領袖蔣委員長之雄才大略、戰鬥力量、殊不可侮、前途大局、自可樂觀、　　兵士素質　愈戰愈強　　卡氏稱中國軍隊、在數額上及效能上、皆已比兩年前改進、渠在內地、時與中國軍士接觸、某日詢一士兵曰、「中國目前所最需要著爲何、」該士兵莞爾答曰、「捨最後勝利外無他物、吾等今日作戰疆塲、誓以全力爭取勝利、蓋最後勝利即爲自由民主新中國之誕生也、」可見中國軍隊訓練有素、信心堅强、遠非其對手可比、　　充滿活力　舉世無匹　　此次旅行中國西南各省、對於中國戰後各種發展、方有一淸楚之認識與估計、舉凡人民忍耐持久之情形、行政效率迅速之進步、竟令人驚異不止、雖各項發展、幷未登峯迭極、但在此短時期中、整頓改良、竟有此成績表顯、可謂舉世無匹、而允以剛毅之風氣、勤奮之操作、卓越之精神、鎭靜之態度、給予中國蓬勃之生氣、活力與希望、保證中國生存不息、永爲世界民主陣營之一員、凡此種種、在余","shunpao"
"349","SPSP193303281601","19330328","美國承認蘇俄具有兩項條件　　收回戰債與禁止宣傳赤化　　日當局正在考慮俄美對策　　據東京日日新聞載稱、美總統羅斯福、曾於十九日夜與某議員開始研究承認蘇俄問題、大約在二星期内、可以表示美國之態度、蓋最近不惟羅斯福已傾向承認、即國内實業家·宗敎家·大學敎授等、均主張速即與俄恢復國際關係、俾可促進美俄兩國之貿易、安定極東的平和、惟美國製造業者深恐俄貨之大輸入、尙持反對態度而已、頃據羅斯福顧問輩傳出消息、謂美之承認蘇俄、須具有二大交換條件、即（一）主張先承認俄國、使回復美國之債權、但須禁止共産主義之宣傳、（二）先以非公式的與俄商議在俄之美國債權、與通商以及禁止共黨宣傳等問題、如兩國意見接近、再行　正式承認、但羅斯福大總統、已傾於第一點之主張、反對非公式代表商議、又云、據外務當局","shunpao"
"350","SPSP192306271801","19230627","觀「富人之妻」影片後之評論　　昨晚記者與友人鍾君擬偕往卡爾登觀「重見光明」至則已客滿即乘車往虬江路上海大影戲院時已九時十分幸未開幕余等遂入初演國外新聞次即開映愛情諷世影片「富人之妻」“Rich　Men＇s　Wives”此片計長七本劇中述一高等女學生名甘達文寳在校研究學業勤懇異常兼以天資聰穎畢業時成績卓著惜伊母親終日忙於酬酢於撫育子女之方一無所知此乃富家女子之通病也第一本演至女學生行畢業禮畢由學校返家急欲與家人問好一種活潑狀况見之可愛入室後伊父適在會客母亦方事裝飾面上塗以花粉數小時内不能談笑因而不得立刻入見心中又覺不樂此處表情尤佳後甘姑娘居家日久奢華之風漸漸受染一日有名馬比賽會甘姑娘亦與焉因屢得優勝頗爲富少年約翰所注目而二人之愛情於此發軔白首之約因亦訂定結婚後生一子名笳甘雇乳母撫育約翰夫人則時出歌舞與輕薄少年爲伴一日某少年向之求歡夫人不允於是少年强抱女身向之接吻適爲約翰所見以夫人如此行爲定欲離婚女亦無法挽回即出門他往離别時忿怒不堪女旣至母家謂其母曰余今已覺悟以前之種種實母親所賜言時鬱鬱不樂并謂其妹曰余希望妹能不染惡習將來定有極大快樂二姊妹相抱痛苦令人鼻酸不久即黯然而别惟斯時愛子之情尤未能釋忽而思及炎暑時與約翰及笳甘在草地上之家庭樂趣而笳甘背母後亦時時紀念遺母雖遊戲睡眠之時仍不忍忘可見母子愛情出於天性一日因笳甘略有微恙約翰家待婢得悉後即奔吿其母女即與之設法進内視察是日因約翰宴客歸時頗晏故特許之斯時母子相見情愛更深後因約翰宴客之所中有一池名曰愛泉有女客提議以約翰之子笳甘作爲愛神約翰許之女客即登樓强抱笳甘其母被侍婢勸阻始不與爭無如笳甘離母後放聲大哭不願與彼等同處呼母不已并叱其父爲惡人女客抱兒至池邊去衣置兒於水中其母聞哭聲急下樓謂兒爲我所有攖而懷抱之并回顧約翰曰汝乃非愛兒也又指衆客爲淫亂之輩引人爲惡旋即抱兒登樓衆客聞言後咸驚訝不已斯時約翰恍然覺悟拒絕衆客登樓即入室與夫人謝罪此時夫婦互相原諒愛情較前更深昔者夫人被逐後之追想今乃又成爲事實矣觀斯片後第一可令人醒悟處即爲奢侈之害人甘達文寳受有高等敎育尚不能免遑論其他又約翰夫婦初時愛情極篤嗣因女用情不專卒致各自分離尤足爲一般浪情女子戒約翰别妻後縱情所欲日漸荒蕩即女子方面亦飄泊不知所往心緒紊亂志氣頓消足證離婚之害可爲一般實行離婚者戒末後荒淫之婦女仍爲覺悟者所拒絕受辱而退樂極生悲斯可爲一般專事游蕩之婦女戒此片立意極佳惟有一二幕光線欠足其餘細情亦頗可觀云","shunpao"
"351","SPSP193508051101","19350805","大中華廠案可望結束　—雙方昨商定撫卹金—　組臨時保管及計算委員會　家屬向調人申謝撤銷訴訟","shunpao"
"352","SPSP194104161001","19410416","日在江灣東北　訓練降落傘兵　衆信此係日圖擴張徵象　日軍一聯隊近過滬他調　　字林報云、昨日","shunpao"
"353","SPSP192711261601","19271126","滬杭路轉運業停裝南北糖貨　　滬杭鐵路各轉運公司因本年八月一日起路局增加運費减少回佣曾經各轉運同業邀集全體開會議决由轉運公會備函請客帮公會將南北糖貨運價自八月望日起酌加二成雖一再函商迄無圓滿解决故各轉運同業昨又在轉運公會開會討論僉以各同業受此虧耗實已不貲現爲維持血本計不得不將該項南北糖貨暫停裝運以便結束賬欵並議决於本月二十六號","shunpao"
"354","SPSP192610311801","19261031","常識民心之向背","shunpao"
"355","SPSP194012180901","19401218","汪家弄房屋即拆毀　居民將流離失所　現仍居留者幾不及什二　人力車捐決難順利進行","shunpao"
"356","SPSP192311021801","19231102","文苑新訊","shunpao"
"357","SPSP192311121801","19231112","婚禮新誌","shunpao"
"358","SPSP193504191001","19350419","二千萬救濟工商放欵　决定本月底前實行　俾各業獲得資金應付四底結算　中中交三行主持先擬說細辦法　銀行公會將召開執委會議討論","shunpao"
"359","SPSP194102200701","19410220","英美銀行採新步驟　外滙儲戶均停息　已發通知自明日起實行　取消美金支票終止投機　法幣足敷週轉已無外滙必要　　本市美商花旗大通兩銀行、於本月十七日在各該銀行內頒佈公吿、決定於三月一日起、取消美金支票存戶、至法幣支票存戶、則並無變動、按本市美商銀行除以上二家外、尙有運通及友邦二家、大中社記者昨曾往晤該二行高級職員、據稱、運通銀行當局至今日","shunpao"
"360","SPSP193502161201","19350216","漢市總工會成立　　［漢口］漢市工人十五日開第一次代表大會、正式成立總工會、選劉漢清等爲理監事、大會通過慰勞蔣電、並請肅清殘匪、又通電全國各工會、努力生產建設經濟國防、","shunpao"
"361","SPSP192211221701","19221122","中華勸工銀行ＣhineselndustrialBankLtd電報掛號六九七七刊有詳細章程函索即寄營業要目●商業各種存欵　各種放款　各種滙欵　●儲蓄定期儲蓄　活期儲蓄　特别儲蓄電話中央六七一一　六七一二備有儲蓄盒任存户借用行址上海南京路Ｐ字十六號上海銀行本行專營商業銀行一切業務并辦理國外滙兌及各種儲蓄存欵如荷　賜顧曷勝歡迎資本　二百五十萬元公積　四十二萬元總行本埠寗波路九號電話中四五二三分行北四川路十五號電話北一一一五上海蘇州銀行資本五十萬元分設蘇滬兩行專辦　有奬、定期、活期、　　　軍人、婦女、工人、　　　養老、婚嫁、學費、　　　各種儲蓄兼營銀行一切業務凡津浦京綏膠濟隴海滬寗滬杭甬沿路各站均做跟單押滙如蒙賜顧竭誠歡迎詳章函索即寄經理洪少圃　協理陳筱舟　襄理張洪疇浙江興業銀行NationalCommercialBankLtd保管庫本行用最新避火建築法造成保庫内有美國名廠鋼製保管箱甲乙丙丁戊己六種專備　顧客儲藏貴重物品管理完密取費極廉欲知詳細規則者請　函示住址姓名即日寄奉經理室電話中央二六五○營業室電話中央二六一三　二六一四三金幣部電話中央七四一上海大戱院上海唯一之影戲院　北四川路虬江路口價目　日戲包廂七角樓廳四角正廳三角二廳一角夜戲包廂一元樓廳六角正廳四角二廳二角今晚第一次七點鐘開演二次九點一刻起大部勇武偵探長片　第十二十三集四大本　隠面人著名艶情片康登塔文傑作五大本　學習愛情隠面人首蒙黑紗服以寬博之衣面目不辨似屬女子然見其勇健矯捷則又不類女子噫奇矣此乃至劇最重要之疑問今晚所演爲最後八本中之四本此中機密漸漸表現欲去疑寳盍請早　臨加以康登塔文之學習愛情尤稱一時無雙之名片也虹口武昌路華商滬江影戲院乍浦路轉角十一月廿號至廿二號各界來函要求重演名劇　毒氣","shunpao"
"362","SPSP192709040901","19270904","申報敎育消息第八届遠東運動大會特刋","shunpao"
"363","SPSP194105110501","19410511","英國不惜任何代價　保衛埃及蘇彝士　海空軍不繼在海面巡邏　防阻敵軍戰具潛運北非　　倫敦　頃悉、東地中海英海軍載回退出希臘之英軍後、現正集中力量防阻敵方軍隊與戰具從義國或西西里島運往特里波里與班加齊、以馬爾太爲根據地之英驅逐艦與潛艇、刻正往來監視、以防義船潛過、衆信義船利用法屬領海、倫敦負責人士謂、英海軍縱得英空軍之協助與保護、亦不能保證完全阻斷敵方供應品潛運至里比亞、地中海英方整個地位、實賴亞力山大里亞之防務、現北非敵軍旣已沿海東進、而希臘與愛琴海諸島亦在敵手、故亞力山大里亞易遭敵機猛襲、然敵戰鬥機之航程、仍不足保護其俯衝轟炸機往襲亞力山大里亞、此層種關重要、英方必須以仟何代價、阻止敵戰鬥航程及於亞力山大里亞、吾則該地英艦隊將感不安極、蘇彝士運河防務亦充實、足以保持該河之暢通、他如干地亞島與塞浦羅斯島對於英方防務、均有莫大之價値、故必須死力扼守云、","shunpao"
"364","SPSP193508291401","19350829","敎育新聞敎部　編輯國語詞典　國府准支撥一萬一千元","shunpao"
"365","SPSP192910051601","19291005","上海少女被拐到蘇金大媛女扮男裝　到蘇後拐匪被擒　　本報今晨一時十五分、得蘇州訪員長途電話報告、有金大媛者年十五歲、姿色麗都、於前晨","shunpao"
"366","SPSP194110140801","19411014","海上黑幕無奇不有　滑頭錢莊祗開一天　八日開幕騙取存款即晚倒閉　股東五人捕獲四人押候查辦　　最近本埠公共租界內錢莊銀號之開設、猶如雨後春筍、其中雖不乏資本雄厚、信譽卓著者、但跡近詐欺、內幕不堪設想者、亦非少數、本月八號、報上忽有天津路一九五弄集益里十號滙康錢莊開幕之廣告、聘請社會聞人聞蘭亭先生行揭幕禮、觀其表面、似爲規模宏大、資本雄厚之錢莊、不料開幕祗有一天、即告倒閉、實開銀錢業亘古未有之創聞、其內容之腐敗、殊不堪設想、現此案因其欺騙存戶頗多、經出首告發而爲中央捕房破獲、茲紀情形於次、　　虛設字號　　緣有寶山人陳曾煒、年祗二十五、對於銀錢事業、本屬外行、最近鑒於銀號錢莊之蓬勃、以其獲利較易、乃糾集　　人王一帆·紹興谷耀奎·徐展道·黃克夫等五人、集議股開滙康錢莊、額定資本十萬元、各認二萬元、於開辦時、先交股款十分之一、立有草契合同、乃　得天津路集益里十號房屋開始籌備、經　星　之裝修、即告開幕、舉陳曾煒爲經理、黃克夫爲協理、　　詐欺取材　　事先分向各親友處廣拉存戶、吸收存款","shunpao"
"367","SPSP192307121801","19230712","美國影戲明星之初次得俸法（二）　　勞勃脫氏ＴｂｅｏｄｏｒｅＲｏｂｅｒｔ勞勃脫氏年十歲時於一夜宴中述一故事名『赫萊脫在橋上』ＨｏｒａｔｉｂｓｏｎＴｂｅＢｒｉｄｇｅ畢後主人給以二元半之金幣一枚勞受而不忍用之當即連之於表鏈上作爲裝飾品直至一二年前彼之入欵較豐於前始忍離之云　　墨萊諾ＡｎｔａｎｉｏＭｏｒｅｎｏ墨萊諾氏","shunpao"
"368","SPSP193607011701","19360701","體育消息我國世運代表戴傳賢由荷飛瑞典　　今日啓程留瑞三日即轉柏林","shunpao"
"369","SPSP193910040901","19391004","越界築路交涉　英方仍擄理力爭　荊棘孔多談判陷於僵局　偽警公然列隊馬路操演　　二日晚日大使館發言人、在新聞報道席上稱、工部局總裁費利浦氏、與僞市長傳筱庵對越界築路捐稅問題、正在進行交涉中、惟昨日所得報告、費利溥氏對該說業巳吾認、謂現時並未與偽「市長」續有商談、叉據可靠方面獲悉、關於越界築路警權問題、最近確會由上海工部局·英國防軍當局·日方·及僞「市府」四方面會商、惟截至昨日、已陷於僵局、至究因何種問題、尚無從探悉、惟聞英軍當局對於主耍爭點、不願讓步、仍據理力爭、係一最大之原因、　　越界築路　偽警增多　　越界築路區域、東起靜安寺、西至曹家渡、南迄徐家匯、些三角地帶、幾全被僞警所控制、日來捕房方面之探捕、除若干衝要地點、依舊布崗駐守外、巡邏隊雖巡弋各馬路、但對往來行人車輛、已不復施行檢查、僞警數量、則日益增多、巡邏隊或乘車或步行、終日來往不絕、氣熖之高張、無以復加、　　偽警兩隊　路中操演　　英文大美晚報云、大道警察兩隊、各的四十名、今日","shunpao"
"370","SPSP192311051801","19231105","電學上之新發明","shunpao"
"371","SPSP194106240701","19410624","蘇德交戰後　滬人土極感興奮　認為遠東局勢轉趨安定　英美啊商業危險已大减　　自德國突然　蘇宣戰之消息傳抵本市　、巳引起此間各國人民絕大之注意，關於德蘇關係趨於惡化之消息、傳之已久、但德宣戰如是其速、尚非始料所及、故前昨二日、本市各國人士、對此莫不表示震驚、金融市塲遂起　干波動、但各民治國人民、對此一事件、皆抱興奮情緒、蓋英相邱吉爾旣已明白宣佈英國決援助蘇聯、則英美蘇三國同盟、實有實現之希望、是則希特勒若非迅速擊收蘇聯、卽將蹈上次歐戰之　轍矣、至對遠東而言、一般預料日本不致實踐　國盟的、多樹敵人、故遠東局勢、似少變動、木市當　影響、茲將昨日各　消息、分誌於後、　　中外人士情趣振奮　　本市民主國家人民、自聆悉蘇德開　消息後、雖表驚異、但情緒極端興奮、蓋彼等咸信民主國家已獲得一撲滅納粹兇燄之健將矣、昨日外灘字林西報館及英國情報處門前、均有大批外籍人民、佇立觀看英方所出版之午報、以該報刊有英相邱吉爾決援助蘇聯之消息也、該項午報、凡屬本市居民、每日均可往英國情報處索取、平日大的至下午一時、始行散發完畢、但咋日上午十一時、該報出版時、情報處門前、即擁有無數中外人民、頃刻間全部被索一空、可見情緒之熱烈、街頭巷尾之外籍僑民、每相遇時、均以蘇德戰事爲議論中心、　　民主陳綫獲新轉捩　　本埠中外人士、對蘇德戰爭爆發、均引以爲談助、認此一戰爭爲「歐戰之轉　點、」規模之大、實開「歷史之新紀元、」此戰結果、實爲「希特勒及其主義之存亡關鍵、」木市納粹領袖態度、雖表樂觀、然大多數德倘、皆認政府此舉爲失策、木市中美·英各國人士、皆信蘇聯實力、近已增强、必能擊敗德軍、使民主國家、地位復趨堅固、航業界認西伯利亞鐵路、將因該一戰爭而加重工作、使上海不能獲得德貨、郵政方面、一切運德郵件、除包裏早已停寄外、現仍照常、現正候天津郵局方面之通知、是否　繼續　寄、　　上海蘇僑誓反侵略　　記奢於獲悉德國對蘇　戰消息後、昨特往訪木市蘇聯塔期社主任羅果夫氏、叩詢戰事進行之詳情、據稱、除目下　接獲蘇聯政府已開始抵抗侵略之公報外、尚無詳細之戰事消息奉告、但數日後當可告知詳情云、記者詢以木市蘇僑致電莫斯科·擁護抗戰政策之訊、渠稱、蘇聯人民對任何外來侵略、自將堅決反對、決不容忍祖國安全遭受危害云、咋日本市擁蘇俄文報如「祖國報」等、均刊載大　史丹林及邱吉　之照相、及紅軍在戰地攝影一般、蘇僑購者、非常踴躍、情緒殊爲興奮、　　致電政府擁護抗戰　　字林西報云、木埠蘇聯僑民、自於咋日","shunpao"
"372","SPSP193210052401","19321005","灜談汽車灜談","shunpao"
"373","SPSP193603010901","19360301","白崇禧　召桂學生訓話　　香港　白崇禧二十八日召桂全省學生代表訓話、勉以振起犧牲奮鬥精神、努力救國、","shunpao"
"374","SPSP194101081001","19410108","公倉組織已議決　密查堆棧囤米　米市沉寂囤戶擯持現貨　昨糶平糶米者三萬餘人","shunpao"
"375","SPSP194007160801","19400716","滬西特警尙難順利成立　偽方業已函復工部局　惟雙方意見未能一致","shunpao"
"376","SPSP192611100501","19261110","本館要電二中俄間之交涉　　東鐵懸案將開談　　吉林　俄召東鐵葉局長返莫斯科有將以前副局長艾司曼特繼任訊","shunpao"
"377","SPSP192812141601","19281214","張玉麟追蛋會定期舉行　　前國民政府無綫電製造廠工程師張玉麟氏、業於陽歷十月十二日逝世、各界感咸以張君生前、製造各式短波無綫電機、對於近年中國無綫電事業之發展、頗具功績、月悲張君之英年夭歿、賢哲淪亡、爰由王崇植.俞汝鑫、徐恩曾.周明誠.奚世英.黃文建.盧宗　.張啟華.徐樂.范鳳源等發起開追悼大會、撰定地點、為上海徐家匯交通大學文治堂、而日期則决定為陽歷十二月三十日星期日下午二時舉行、各處輓聯可逕寄交通大學內無綫電製造廠兩路同人贍養儲金會新委員揭曉　　滬寗滬杭甬兩路、自民國十四年間、北京交通部核准、創辦贍養儲金、由兩路同人、每月薪金內、扣存百分之幾、一面組織儲金委員會、由全路員役、推選委員五人保管、此項存欵、以二年為期、本年份委員任期屆滿、投票重選、現已揭曉、聞得票最多者、羅泮輝君二千一百十二票、孫嘉祿君二千零八十七票、陳永箴君一千九百九十三票、洋員克禮阿君一千九百四十一票、芬慈君一千四百十一票、均當選為委員、委員長一席、照章由管理司司長兼領兩路事務蔡增基君兼領、會計委員一席、仍由賬務總管　克司德兼充云、市訓練部第一次部務會議　　上海特別市黨部訓練部、昨日","shunpao"
"378","SPSP193002151501","19300215","本埠新聞二迷拐婦孺統計","shunpao"
"379","SPSP194110210501","19411021","社評","shunpao"
"380","SPSP194110210701","19411021","工部局決向領團請求　授權管理零售價　增添地產章程「新附則」　倚畀進口商行與局合作　以控制必需品售價爲初步行動","shunpao"
"381","SPSP192401091801","19240109","孤兒救祖記之新評　　語云家貧出孝子國亂見忠良自古忠孝節義之行無不藉讒人姦妄而益顯者害之即所以愛之禍之即所以福之夫然後知天下斷無能限人之小人而小人知所返矣楊翁擁資百萬頣養林泉家庭之樂固不啻南面王也乃其愛子道生倦處香閨怡情郊野靑絲白馬　致性命隨之窗前頃刻話豈短别千秋死者不足惜徒苦蔚娘已耳楊翁自遭子喪老境頽唐旣不能辨道培之獸心又不能知蔚娘之遺腹况復允狼入室禍起蕭墻飲酖自甘痛逐子婦卒至奸禍熾處白刃間身苟無璞兒救護之智七尺老軀其不斷送於害敬之手者幾希矣幸而性情慷爽輸資興學區區之設即爲將來沉寃之大白吁亦苦矣　　楊道培冥頑不靈無守敬本不足以成其奸紙醉金迷之塲祇以供敬之娛樂遂致博塲被拘贖罪罰鍰債台高築乃有剌翁之舉詎意害人反已持劍貫胸者即獻計之蜜友也猶幸臨終言善以白誣嫂之由俾十載沉寃一旦洗滌翁媳重叙樂賞家庭此可知天理之在人心猶有未泯者矣最可憾者陸守敬豺狼成性狐狸爲奸不思豢養之恩逞其魍魎之技揮金如土助道培爲虐攬權自豪置楊翁於傀儡猶復貪淫無厭始戲蔚娘而再翁姫幸而淑女自責不至非禮徒奈何爲楊翁者於此時不摔之即走竟以自遺伊戚耶及至大錯已成奸謀密佈雖欲去之而中傷之念已深狡獪之謀難測故地盤臨危不能不挺而走險敬之毒謀至於此極乃災能致福危轉爲安凶殺之謀適足以作翁媳再見之引導寗非天意至於敬之窮途日暮縛同猪豖小胖子亦得以吐氣未有不同聲呌快","shunpao"
"382","SPSP194111110501","19411111","社評","shunpao"
"383","SPSP194111141101","19411114","春秋　　合作精神  霂長　　工部局日前雷厲風行實行管理物價，限制進口米每石不得超過一百三十元以來，市民們都感到極度愉快。目據公吿，李得爾由港來電稱：平準會已允以法定外滙供給工部局，以備採購足份食米，麺粉，食油，煤斤之用。這是個更可喜的消息。滬上民衆於風雨飄搖之下，得此扶助，眞有逖聽鼓舞感愧交迸之慨。此次政府為懷念無吿之滬上民衆，准予結匯，爽快地說，於國家經濟上乃是種不得已的浪費。但願我們於受惠之餘，永矢母負盛意。自然，對工部局此次的緊急措置，亦自覺愜意。　　前些時候，當局在民食上，已數度有過限價的措置，但為了種種關係，效果未見良好；現在的一聲霹　，眞足警醒了一般上海冒險家的迷夢。","shunpao"
"384","SPSP192801010801","19280101","時評　　新與進","shunpao"
"385","SPSP193609281401","19360928","體育新聞東華會旗開得勝　九比二大敗聖芳濟　戴麟經獨中五球李許薛各建功績　上半時四比一小勝下半時五對一　　東華足球會昨與新近晋組甲組之聖芳濟隊、在市體育塲作西聯足球甲組賽、觀衆僅寥寥六七百人、殊出人意料之外、交鋒後、聖芳濟銳氣極盛、東華反被挾制、嗣卽一蹶不振、東華陳容齊整、結果東華以九對二大勝、上半時四比一、裁判那愛說、雙方陳容如後、　　東華會　　張榮才　　李寗　莊維新　　顧尚勷　馮運佑　舒士耕　　萬象華　李義臣　戴麟經　許文奎　薛文繡　　聖芳濟　　蘇石　　A蘇石　史登格　　蓋洛克　盤特斯　傑胡特　　喬納洛　惠萊　泊脫遜　麥克卡倫　福恩　　先失一球　　笛聲起後、聖芳濟先攻、福恩進展、阻於尚勷、麟經盤球進取、遭拒退回、文繡立踢角球、義臣略慢一步、失去極佳機會、未幾、東華全師猛撲、李寗亦衝出前綫助攻、戴麟經舉足叩門中的、惜以越位作廢、義臣亦於二十碼建射門被接、對方乘東華後防又極空區、喬納洛單槍直入、莊維新拚命追趕、送成角球、東華旣出險境、遂又獲角球機會、義臣頭攻被接、福恩引球前進、遞交麥克卡倫、李寗迎拒、不愼失脚、球滾滾在東華門前、惠萊趕上、一脚搾柱而入、東華先失一城、距開賽尚祗八分鐘、　　連中四元　　十五分鐘時、東華大軍環攻、許文奎首先射中、一比一打成平手、幾度回合、許文奎斬關直入、遙遞義臣、猛射、低而且急、中蘇石身、彈入網內、","shunpao"
"386","SPSP194109060601","19410906","閩江兩岸日全部肅清　華軍開入長樂福州區已無日踪　南岸日最後據點海口亦告收復　　重慶　軍息、閩江南北岸華追擊部隊、四日巳將零星日軍肅淸盡凈、各城市人民今重覩靑天白日旗、莫不歡欣鼓舞、幾至淚下、其流亡在外者、刻亦紛紛相率歸來、從事整理生業、華軍事當局現正與地方政府、協力積極辦理善後、撫輯流亡中、","shunpao"
"387","SPSP193609231601","19360923","體育消息我世運足球隊　在倫敦之表演　表演佳妙大受讚美　　倫敦路透通訊　中國足球隊對考林斯隊之比賽、考林斯隊中、容有國際業餘選手七人之多、中國隊之表演、淸晰而美妙、兩隊對立後、兩國之國歌、同時吹奏、在音樂聲尙未完畢、而中國隊已先開紀錄、中國隊得勝此球、合作方面、有驚人之玲巧、因此使人回憶在柏林中英兩隊之所以異乎尋常之接近與緊張也、　　第一球於二十分鐘時射入、中鋒以動人之鎭靜、一舉而中、其美妙、實為數年來所未見、中國隊員、射門甚佳、傅球之技術、亦甚佳妙、　　考林斯以三比二得勝、但已竭盡其力、黃紀良之守門、亦有意外之佳妙、中國隊中球者、為馮景祥與李惠堂、　　中國隊進攻之方式、採取英國式、中堅遠落於後、中錄則向前直進、下半時之中段、形勢稍衰、大戰完畢前、曾　起反攻甚烈、未曾成功為惜、　　蔡文禮為全塲後衛之最佳者、中國隊之守門之表演、在本季海勃雷中、殊未有在其上者、　　中華足球聯賽　參加者三十二隊　雙十節開始比賽　　上海中華足球委員會、第二次議、於二十一日下午六時半舉行、地點晋隆飯店、出席委員蔣湘","shunpao"
"388","SPSP193012101501","19301210","本埠新聞二伍聯德博士昨晚宴航業界","shunpao"
"389","SPSP193602230801","19360223","國際商業電訊　二月二十二日路透社特約商情電","shunpao"
"390","SPSP193602080801","19360208","北路前綫　阿軍勝利徵實　　士氣旺盛瑪城指日可下　採遊擊戰使敵疲於奔命　　　台西　愛爾蘭救護隊之隊員白羅斐爾醫士、今日抵此、徵實阿方所稱阿軍在丹此安境大勝意軍之說、白氏在距瑪加爾三哩處之救護隊中工作、策騾行十五日、始抵此間、此爲由北路陣棧返此之第一白人、白氏曾詳述救護隊隊員工作之困難情形、並謂諸人皆安好、惟念需一切用品、近兩日內彼等未接郵件、現旣無烟草又無食鹽、而在高氣壓下工作、每日平均醫治重傷之兵士百人、又稱、意飛機幾逐日以機關槍與炸彈轟擊救護隊之棚帳云、","shunpao"
"391","SPSP192507120601","19250712","時評日英間之結合","shunpao"
"392","SPSP194101220901","19410122","納稅人會明日舉行　加捐案將起爭辯　英日僑均提嚴竣修正案　各方盼能否決加捐原議　　為專案討論加捐、由領袖領事召開之公共租界納稅人特別大會、巳決於明日","shunpao"
"393","SPSP193010220601","19301022","江蘇省政府會議　　鎮江蘇省府三四一次會議主席葉楚傖决議（一）淸理農行基金辦法對各縣徵收基金應隨丁漕帶徵一層原則通過交財農兩廳會擬詳細辦法呈核（二）令財廳撥給巡迥宣傳隊費用一千八百五十八元","shunpao"
"394","SPSP192812141301","19281214","本埠新聞王正廷昨晨來滬即夜返京　　英公使同來同去　　外交部長王正廷氏、因應英總商會之宴召、於昨晨七時、由亦抵滬、英氏使藍溥森爵士亦同來、抵滬後、即返寓所、上午十時、至善鐘路辦事處辦公、午後偕夫人在卡爾登觀影片、晚赴英總商會宴、席次、發表演說、大意述中英應親善之理由、讌後即於昨晚夜快車返京、英公使仍偕行、本報記者昨日午後曾往謁王部長於辦事處、聞適赴英總商會讌、即立作簡單談話如次、","shunpao"
"395","SPSP194105300701","19410530","公共租界水電煤氣　自七月起再增價　　電加附加費百分之五十　　水增至百分之二百五十　　煤氣則限制用量超過須加數倍取費　　本埠公共租界上海電力公司。上海自來水公司及上海自來火公司。三大公用專業機關、前以特價暴漲、開支浩大、乃呈請工部局董事會核准酌加月費或限制消耗、當由董事會將此案交由公共事業委員會討論、經該會於本星期一召集常會、審查各該公司所呈報告及原案後、認為所請尚無不合、乃通過增加水電用費及限制自來火","shunpao"
"396","SPSP192810021501","19281002","本埠新聞二今日槍決綁匪　　臨時法院有判决死刑之綁匪、現已奉省政府核准、執行槍抉、法院奉到電文後、定於今日","shunpao"
"397","SPSP192411181001","19241118","張沛雨回滬　　鄂軍第五混成旅第九團團長張沛雨於前日赴寗公幹茲經事畢業於昨晚","shunpao"
"398","SPSP193303290901","19330329","本市新聞朱子橋報告作戰經過　　地方協會臨時大會　　良心驅使絶非表功　　不辱使命飢寒作戰　　丨個人如此希望大家如此丨　　申時電訊社本埠消息、本市地方協會、以朱子橋將軍、自客歲奉該會之使命、出而領導各路義勇軍對日抗戰、惟以所屬部隊、大都無衣無食、飢寒作戰、特抽身來滬、向該會報告、並求救濟、昨日下午五時該會特召集臨時大會、邀朱氏報告作戰經過、爰將當時情形、分錄於左、到會人員　　昨日下午五時、該會各會員均絡續到會、出席者有朱子橋·史量才·王曉籟·徐寄廎·聞蘭亭·簣延芳·黃任之等五十餘人、大會議程　　六時半、振鈴開會、由史量才主席、議程如下、（一）報告朱子橋轉來宋哲元軍長哿電、復謝慰勞、（二）報告孫殿英軍長銑電、復謝慰勞、（三）報告北方來函申述各近况、（四）朱子橋查勉仲二君、特自北平來會報告北方最近戰况、及辦理救濟情形、（五）李烈鈞氏電請盡力接濟抗日將士、（六）報告宋哲元軍長代表孫隆靑來函、請嗣後捐助欵項、逕交中南金城兩銀行代收轉匯、現在需要者爲載重汽車及棉風衣、（七）討論北方救濟問題之應付方法、（八）報告李杜代表劉丕光·馬占山代表吳煥章、偕吉黑二省回國將士代表宋雲章·梁德堂·趙濯華·趙愼遠·張楚玉·等五人、到會道謝招待、並懇速籌整個辦法、（九）上海慈善團賑濟東北難民聨合會函稱、王德林部從軍婦孺回國到滬者一五八人、有家可居者祗八名、其餘槪須留滬久住、請召集各團體討論辦法（十）上海市第一特區市民聨合會函請勸告全市民衆、促成戰時組織、","shunpao"
"399","SPSP193303091201","19330309","婦女團體昨紀念三八婦女節","shunpao"
"400","SPSP194702200201","19470220","彭部長答記者問　政府下月中改組　張治中談願為和平奔走","shunpao"
"401","SPSP194111151301","19411115","自由談　　醫學　　治癆的新發明  電德　　希望市民注意治癆常識　　癆病","shunpao"
"402","SPSP193501191001","19350119","","shunpao"
"403","SPSP194112230401","19411223","商業新聞金融體制　最近一番情況　　上海金融自十二月八日以後、頗有若干變動、　各行營業時問、縮短爲上午十時至下午一時、計三小時、　限制支現、在十二月八日以前之存款、一律限制爲五百元、每三日准支取一次、　各銀行對於各活期存款支票戶三十年十二月六日止之存款餘額、依上海銀錢業同業會員臨時聯合會議決之「銀錢業營業暫行辦法　而支付現鈔者、應以門市直接提示之支票爲限、其由華洋同業代收之存戶支票、除原支票已蓋有現鈔收付或同義字樣之戳記、未經塗銷者外、應一律以轉帳手續支付之、　在十二月八日後存入之現鈔、另立現鈔戶、並由各行在發給仔戶之空白支票上、加蓋現鈔字樣之戳記、凡現鈔戶所出之支票、不論門市直接提示、或經過交換、一律以現鈔支付、　各行在三十年十二月六日前已發各存戶空白支票蓋有現鈔收付或同義字樣之戳記者、如通告各存戶將票面上述戳記塗銷、否則此項支票、如由外商銀行提出交換、應由準備會就該行在銀準會之現鈔往來戶支付之、　設立外商銀行交換集團、以橫濱正金·朝鮮·台灣·華比·中法工商·東方匯理·德華·華義·三菱·三井·住友·漢口·上海","shunpao"
"404","SPSP193502141101","19350214","訂購洋米數額驚人","shunpao"
"405","SPSP192610301501","19261030","本埠新聞二今日引翔鄉賽馬預測　　第一次一哩","shunpao"
"406","SPSP192806221501","19280622","本埠新聞二今日端陽佳節機關休息今日爲端陽節又即夏節華界各公署均停止辦公一天上海地方法院亦循例停讞一日公共租界臨時法院循例停止辦公一天舉凡民刑各案一概停審上海總商會因今日","shunpao"
"407","SPSP192312271801","19231227","婚禮彙誌","shunpao"
"408","SPSP193503061301","19350306","體育新聞行政院會議通過全運會舉行辦法七項　　决在首都及各省市間隔舉行　　、南京五日電、全運會舉行辦法七項、五日行政院會議通過、（一）爲提倡國民體育起見、每兩年舉行全國運動大會一次、在首都及各省市適當地點、用間隔之次序、","shunpao"
"409","SPSP194109141301","19410914","兒童周刊","shunpao"
"410","SPSP194008280801","19400828","法大使戈斯默廣擴　朂勉法僑團結　勿爲任何思想主義所左右　襄助領袖使全國產生力量","shunpao"
"411","SPSP194103250701","19410325","中央銀行兩辦事處　昨日均慘遭轟炸　兩彈均用木箱裝置送入　炸力甚猛死八人傷卅餘　　中國農行一彈幸未爆炸　　昨日下午三時至四時、在一小時內發生轟炸金融機關之駭人消息、被炸者為法租界亞爾培路四三九號中央銀行上海分行、死七人、傷一人、另一起被炸者為公共租界靜安寺路七零二號中央銀行辦事處、死一人、傷三十五人、同時愛文義路中國農民銀行有炸彈發現、幸未爆發、此種空前大轟炸案實屬駭人聽聞、茲探悉各情如次、　　亞爾培路　　　爆炸慘案　　昨日下午三時五十分、法租界亞爾培路中央銀行辦事處、突為人送往木箱裝置之定時炸彈一枚於收發處附近、旋即轟然爆炸、響震遐邇、當時該彈炸率甚大、竟將扶梯及二樓炸倒、經捕房得訊、立派大隊探捕及警車前往、將四週交通暫行斷絕、一面急召嵩山路中央救火會全部救火車及救護車出動、事後探悉共有八人被彈傷、及房屋坍下壓傷、因而當塲斃命者凡六人、傷重不治者一人、輕傷一人現在　慈醫院醫救、死者中有一人為事務主任之杭州人陳宗光、方於被炸數分鐘入內、竟罹慘劇、其餘一女性為二樓某司機之家眷、死者中有多名為苦力、因正在搬運該行物件、擬遷離該處也、至預置炸彈之暴徒、則計劃於事先無踪、　　七死一傷　　據事後調査、有信差華寳林","shunpao"
"412","SPSP193602181101","19360218","王正廷昨訪孔祥熙　今日飛粵迎胡　啣中央非正式使命有所接洽　惟王左右則稱係爲衭險社事","shunpao"
"413","SPSP193602221001","19360222","桂軍所攜省幣　在黔暫准通用　　香港　吳忠信覆李白電、謂貴軍奉令入黔勦匪、所携桂幣、當遵飭黔東南各縣、暫行通用、請貴省銀行來黔設辦事處、以資收兌等語、","shunpao"
"414","SPSP193102051501","19310205","本埠新聞二本埠大霧由來","shunpao"
"415","SPSP192312171801","19231217","法國兒童玩具展覽會紀　　法國技藝之精巧素稱於世蓋法人愛好天然美術成性一舉一動間往往不期而流靈［美］之一字即如此次法國兒童玩具展覽會之設亦美術表現之一斑也蓋法國兒童玩具少見於滬上法商會有鑒於斯且因冬節伊邇親朋餽贈禮品·兒童恩物之需法蘭西轩亦有其精美之玩具者乃商之法工部局董事會開一兒童玩具展覽會會塲假座公館馬路大自鳴鐘禮堂昨爲開會之第二日記者承邀往觀不禁讚嘆法人思想與藝術之美也爲紀梗槪如下會塲不甚大然曲折有邱壑如入山林中屋頂綵飾藍布綴以碧綠之小電燈自下望之密如繁星又有一小泉水淙淙自石　中流出其上映以電炬殊幽倩有致觀客至此覺神志爲之頓清各玩具分部陳列每部有法國曼麗女郎司指導出售之責首𦆑紅綢以資織别釵光　影笑語生春更雜以奏琴聲幢幢往來盡爲彼邦士女記者幾疑身履法土矣各種玩具以小船·火車·禽獸·繪事等屬爲最精妙値亦較市爲廉故購者甚踴躍塲内更用武士維秩序首覆銅帽持長戟望之如十九世紀之人物然殊可笑也聞塲中人云此次會塲佈置悉仿亞爾蕯斯","shunpao"
"416","SPSP192909261501","19290926","本埠新聞二陳世泉義俠捐軀　　赤手擒盜竟致身殉　　見義勇爲可以風世　　昨日上午九點零五分、滬城新北門内福佑路安仁橋東首菜市、正在上市之際、有一婦人某氏、手帶金鐲金戒、携筐購物爲盜匪見而起意、上前將金鐲攫取、詎盜匪尚不满意、復擬强捋金戒、該氏極聲呼救、時有住居該處福佑路六十五號門牌瑞盛鮮肉莊樓上之陳世泉、亦在彼購買菜蔬、緣該氏與陳素識、故急呼世泉哥救救、陳聞聲趕上、一手扭住該盜胸脯、一手則揑住盜之右手、該盜謂陳曰、我與爾素日無仇、爾何得干涉我之買賣、爾眞不識相、快快放手、而陳堅不釋手、聲言同至警察處、盜乃佯稱放手、容我交還金鐲、陳信以爲眞、遂將盜之右手釋放、盜乃探手入懷、摸出手槍、向陳頭部開槍射撃、子彈適中陳之鼻樑右邊眼角射入、從陳頭部開出、陳受傷倒地、該盜即向該處景明里逃逸無踪、查該里南通福佑路、北通觀音閣民國路、往北即法租界、而該氏亦乘間逸去、迨崗警聞耗趕來、盜已無踪、陳妻陳史氏、亦已聞警奔至、","shunpao"
"417","SPSP193703291001","19370329","制止洋米免稅入粵蔣院長交財部核辦","shunpao"
"418","SPSP192810171501","19281017","本埠新聞二飛機今晚離滬","shunpao"
"419","SPSP193303161301","19330316","黑省抗日將領徐子鶴等明日北返　　各界設宴歡送黑龍江抗日將領陸軍第四軍軍長徐子鶴副軍長程雅舉·警備司令徐青山·此次由海參崴間道來滬、已届一週、茲因黑省軍事、未能久離職守、定明日啓程北上、滬各界昨特設宴　行、茲分誌詳情如下　　歡送代表滬各界以黑省抗日將領徐子鶴夫婦·程雅峯·徐青山等、行將北上、特於昨日上午、假座派克路功德林蔬菜館、設宴餞行、到馬占山代表吳焕章及黃警頑·談伯質·馮少山·徐同叢·劉仁航·吳良翰·秦紹成·許克成·郎靜山·柏靜如女士","shunpao"
"420","SPSP193704261001","19370426","劉為章抵滬談　　桂省請求中央整頓幣制　　桂省代表劉為章氏、日前隨參謀總長程潛、由桂入京、卽於前晚由京乘車抵滬、中央社記者、昨特往訪劉氏於寓邸、據談如下　　李白隨時可以來京　　德鄰","shunpao"
"421","SPSP193512210601","19351221","倫敦各報論評　　　對霍爾多表示同情　　倫敦　今晨報紙雖政治不同、但皆謂昨日下院辯論英法和平方案時、出色當行之人物爲代人受過、昨已辭職之霍爾爵士、至於首相鮑爾溫則有慚色焉、晨郵報稱、政府旣已贊成霍爾之政策矣、則應始終　霍爾同進退、方不失爲豪傑云、每日電聞稱、和平方案所引起的風潮之劇烈、鮑爾溫事前似絕未準備之云、彙聞報稱、救全政府者、非爲鮑爾溫、但爲反對黨領袖艾特里、蓋其言論遠有此决辯論所應有的標準之下、而其指責鮑爾溫榮譽之言、亦爲策略上之錯誤也云、泰晤十報稱霍爾之辭職、乃其政治生涯之暫時中止、非其結局、政府明白承認輿論之正當、並取消其倉促成就之决議、故得消弭反對之聲浪云、","shunpao"
"422","SPSP194111081101","19411108","自由談","shunpao"
"423","SPSP192903241601","19290324","荷領越權問題昨訊　　▲休息室談判未决　　▲重要案移庭審理　　▲不合作只對荷領　　▲罷工說如何成立　　荷領范敦堡越權問题、經臨時法院何世楨院長向領袖　　領事提出條件後、領團迄無答復、昨晨第十法庭、","shunpao"
"424","SPSP193904241701","19390424","舊報新抄（九）英普婚姻","shunpao"
"425","SPSP193602290401","19360229","石敬亭抵京謁蔣　　南京　冀察綏靖公署總參議石敬亭、二十八日抵京、分謁蔣院長、馮副委長、何部長等、報告冀察近况、並商前平軍分會編餘職員安挿辦法、在京留三四日、卽返平覆命、","shunpao"
"426","SPSP194009251101","19400925","信大祥訴房客加租　判決准加一成　訴訟費原被告七三分担","shunpao"
"427","SPSP194105070801","19410507","前夜大方飯店內　男女悲劇眞相　葛銘石戀義妹暗結珠胎　失業無力結婚服毒殞命　　蘇州人葛銘石、今年二十八歲、尙未成家、前在法租界新開河路七號其堂兄所設專鬥印製冥用鈔票之萬利印刷所內任經理、拜認貼鄰十七號內之鎭江人紀世寳","shunpao"
"428","SPSP192307181901","19230718","常識常談退步與進步  覺人謂革命以來十二年中政治無日不退步吾謂國民之知識則無日不進步人皆責議員之要錢不要臉爲政治腐敗文武官吏貪黷之大原因責之誠是也然試思前淸科舉時代學官之索贄敬廩生之講保結鄕里小兒之不能以科舉進身者捐官以榮宗耀祖何異於今日議員之買票以當選更思賣票以償本乎總裁主考之收受門生饋送京官之收受外官冰炭敬何異於今日官吏之貪黷乎特今則更甚於前淸耳前淸種其因令日宜食其果前淸之時無人議其非而今日則無不受人之唾駡此國民知識進步之鐵證也雖然唾駡無益也唾駡而不能監督其無恥之行爲則政治之腐敗如故雖國民之知識無日不進步而政治之無日不退步仍可斷言也然則國民宜思所以自盡其責任矣","shunpao"
"429","SPSP192907251401","19290725","中英寗案連日會議情形","shunpao"
"430","SPSP193008071201","19300807","敎育消息要聞敎部修正　　蘇省中小學及縣敎局組織規程　　實小校長秉承廳長本中長處理全校行政　　中學退學懲戒學生得給證明書准予轉學　　各縣敎育局之組織規程應加「暫行」二字　　蘇省敎育廳新近頒布之省立中小學校長任免待遇中小學組織暫行規程及各縣敎育組織規程由蘇省政府咨請敎育部查核備案昨日敎育部原規程修正三點咨復省政府兹節錄其修正三點如下　　查江蘇省立中等學校校長任免及待遇規程及江蘇省縣立小學校長任免及待遇暫行規程尚無不合自可備案其餘各項規程擾照下開各點酌加修正（一）查江蘇省立中學實騐小學校長任免及待遇暫行規程及并蘇省立中學實騐小學組織暫行規程之上均冠有「省立中學」字樣又江蘇省立中等學校暫行組織規程第十三條有實騐小學之規定是實騐小學爲省立中學組織之一部惟查江蘇省立中等學校暫行組織規程第十三條規一實騐小學校長秉承中學校長而江蘇省立中學實騐小學組織暫行規程第二條規定「實騐小學校長秉承敎育廳長」條文似有歧異於實騐小學與省立中學相互關係規定亦似稍欠明瞭本部擬修改如下江蘇省立中學實騐小學校長任免及待遇暫行規程第一第二兩條删去第一條屬於組織可列入江蘇省立中學實騐小學校長組織暫行規程内第二條屬於校長職務可在實騐小學校長服務細則内規定均與任免及待遇無關（二）江蘇省立中等學校暫行組織規程第三條復加一項「各中學師範科所在地設置實騐小學一所以供敎生實習及實騐小學敎育之用其組織規程另定之」又第十三條「秉承」二字不加「敎育廳長及」五字（三）江蘇省立中學實騐小學組織暫行規程改以江蘇省立中學實騐小學校長任免及待遇暫行規程之第一條爲本規程之第一條原定第一條以後數目字順改原第三條改爲「第四條實騐小學設校長一人秉承敎育廳長及本中學校長處理全校行政事宜」（二）查受退學懲戒之學生不外平日操行學業或體育成績過劣如一律不得請求轉學則是類學生永無入學深造之機會殊嫌未愜江蘇省縣立中等學校招生轉學退學休學續學暫行規程第十七條擬删去原第十八條至第二十三條數目字提改爲第十七條至二十二條第二十二條","shunpao"
"431","SPSP192802041101","19280204","教育消息要聞江蘇私立各校立案條例中國大學院上月規定私立大學及專門學校立案條例丶又私立中等學校及小學立案條例丶現由第四中山大學通令各縣遵照丶茲將兩種條例錄左丶","shunpao"
"432","SPSP194103110801","19410311","論集錦照相　郎靜山　　照相之稱爲集錦者，乃集合多數底片之景物，而放映於一張　紙上也，　以一底片中，每因局部景物之不適人意，遂致全部俱廢，若集合各底片之良好部份，予以適宜之接合，則相得益彰：非獨可使廢片景物化爲理想之境地，此即集錦照相之目的也。其法始見於廣告，或照片遊戲中，但皆剪貼各種景物，拚湊而成，或爲各種異想天開之事物，令人發噱，然其拚湊痕跡，瞭然可見，若細玩之，則味同嚼蠟矣。而集錦照相則不然，雖同一拚合，但經作者於放映時之意匠與手術經營之後，遂覺天哀無縫，其移花接木，旋乾轉坤，恍若出乎自然，適非剪貼拚湊者所可比擬也。此亦即吾國繪驚之理法，今日始實施於照相者也。爰述其意義與方法如次，以資同好者之研究焉。","shunpao"
"433","SPSP193602100501","19360210","時評","shunpao"
"434","SPSP192307191901","19230719","常識常談説錢  漸","shunpao"
"435","SPSP194010170801","19401017","中學教員洛家華　投稿串黨敲詐　揭露貧兒救濟所內幕　串通友人薛鶴羣敲詐　菜館談判被報捕拘案　　愛多亞路浦柬同鄉會五百十九號房間貧兒失學救濟所、前由王某及高祥生等所創辦、假借慈善爲名、實行詐欺取財、去秋曾被租界警務當局檢舉告發、結果王被處徒刑五年、高得倖免、嗣該所由本邑人張國權接辦、自任所長、聘請社會聞人担任董事、舉辦義務學校四十所、日曾　　公開播音　　廣事募捐、得款不貲、查張國權除担任貧兒失學救濟所所長外、幷任光明雷台經理、大江實業公司絆理等職、家住法租界康悌路四九〇弄廿六號、本年九月廿七·廿八兩天、本埠某報上忽發現有具名高非之「慈善家」新聞兩篇、察其內容、卽係隱射舉發該救濟所長張國權","shunpao"
"436","SPSP192807131501","19280713","本埠新聞二法租界今晚舉行提燈會　　慶祝共國民主紀念　　明日十四號、爲法國民主紀念日、本埠法租界法總領事、在工部局各捕房各商店及各洋商等、均各懸旗掛燈慶祝外、定於今晚","shunpao"
"437","SPSP193907311301","19390731","舊報新抄　六十七年前","shunpao"
"438","SPSP192812091401","19281209","○中華國貨展覽會三八　　昨爲國貨展覽會招待扶輪學社之期、又值星期六休假、故雖逢天雨、參觀者仍形擁擠、計到吳稚暉·楊杏佛·蔣夢　·吳鐵城夫人·陳止瀾夫人·滬江大學·光華大學·曁南大學·滬江附中·法大附中·吳淞小學·扶輪社員孫鄂藻·歐偉國·李元信·任稷生·郭寶樹·潘經芳·李秀泉·及西籍社員六十餘人、駐滬法領事、曁新由倫敦來滬之英商數人、亦冒雨蒞止、均由工商部孔部長·主席委員趙晉卿·許秘書·交際主任陳荊生·王家驤·朱成厚·舒　楨等、殷勤招待、餉以茶點、導往各陳列室參觀、并分贈五卅國貨社扶輪社員眷屬精美紙傘各一把、紀念章各一枚、各社員無不稱謝、滿意而去、吳稚暉·蔣夢麐·楊杏佛三君、自下午二時到會後、分頭至上下三層各陳列室、詳細參觀、至四小時之久、至六時許、始行離會、吳君臨行、謂尚有各室、未及細觀、當俟下次再來補看、吳君之遇事認眞、逈與時流之走馬看花虛應故事者有別云、茲將各項消息、彙誌如次、　　新疆出品摘要　新疆出品到會消息、業誌利報、茲悉該項出品共爲四十四件、巳於昨日分別陳列東院各分類陳列室、其中精品、皮類有猞猁獺熊等皮張、爲哈密伊犂·阿爾泰·等處出品、藥材有塔城出品之羚羊角·古城子之貝母·焉耆之鹿茸·阿爾泰之麝香等、玉類有和闐之珊瑚·羊脂玉鐲·磜子·玉璞·及玉印等、玉璞玉印、爲無價之寶、尤爲名貴、工業品、有洛浦之五彩水禽毛毯·塔城之五彩紅地絲毯·五彩花毛毯·迪化之芝蔴雕羽扇·素白雕羽扇等、蔬果有土魯番之葡萄·焉耆之蔴菇等、均爲上海希見之物、此次遠道參加、以飽滬上人士之眼福、實難得之良機也、　　七機關担任會場軍樂　今後之會塲軍樂隊、係由會中特請由海軍司令部·上海特別市公安局·貧兒院·普益習藝所·惠兒院·孤兒院·棲流所·等七機關、輪流担任義務各五天、每日換奏新曲、以娛來賓、開幕日並有淞滬警備司令部樂隊參加、惟至本月五日、已經輪流完畢、該會後發起續請貧兒院·普益習藝所·惠兒院·孤兒院·棲流所等五機關團體、賡續担任、至該會閉幕之日爲止、而舉行閉幕禮時、仍須商請警備司令部海軍總司令部公安局三機關軍樂隊、會同奏樂、以誌盛典云、　　昨日特種長期券抽籤贈品之種類　特等、孔雀領帶公司禮券、一、天津綢緞局禮券、二、培德領帶、三、中華書局凹版總理遣像、四、家庭工業社酒牌信箋信封利用箋、五、森林藤柳器廠手杖、六、捲烟九包並送捲烟月刋一冊、七、第一針織廠線襪、八、國貨紀念特刋展覽會出版、九、無敵牌西冷油、十、商務印書館總理六言行書、　　蔣公使添購湘繡　新任駐德國公使蔣作賓氏、前次由京到滬、即在中美一湘繡莊、購備湘繡多種、以作赴德贈友之用、後因改期本月十一號出發、故昨又購本會二樓藝術品部中美一陳列之大醒獅橫披一張、走獸斗方四張、聞係帶往德國陳設使館客室、藉以表示現代中華如雄獅猛醒、精神奮發之意云、　　今日游藝節目","shunpao"
"439","SPSP194107111101","19410711","教育消息　　敎育部　重定圖書館辦法　訂定開放時間便利民衆閱覽　慶協助鄉鎭保長設置圖書室","shunpao"
"440","SPSP193401281501","19340128","敎育消息外埠　　敎部組織東北靑年敎育救濟處　　二十六日敎部公布東北靑年敎育救濟處組織規程十三條如下、　　第一條、敎育部爲辦理東北靑年敎育濟事務依東北勤苦學生暫行救濟辦法第二項之規定、設東北靑年敎育救濟處、","shunpao"
"441","SPSP193602120601","19360212","時評幣制改革吿一段落  柳","shunpao"
"442","SPSP192308231801","19230823","紀各校之開學禮","shunpao"
"443","SPSP193402220901","19340222","梅蘭芳今來滬","shunpao"
"444","SPSP192906201601","19290620","吳淞之捉蛇人","shunpao"
"445","SPSP193907271301","19390727","衣食住行鄕村於都市的居住問題  影呆　　各有擾點各有缺點　　說到鄉村與都市的居住問題，人們一定會發生一種疑問，便是一個人往在鄉村之中，他的壽命究竟比住在都市裏面是長還是短？這個答案是鄉村住民的壽命來得長，因為就統計所得，都市中的死亡率要比鄉村來得高。不但在中國，就是歐美各國，都市中的人口死亡率，也超過於鄉村。　　住在鄉村裹面，的確有許多好處，特別顯明的是，空氣非常新鮮。農田一天到晚在野外工作，除了飽吸新鮮空氣之外，更可充分的晒到太陽光。為了每天在工作，身體銀鍊得相當好，比都市住民的體格來得強壯。為了人口稀，有了傳染病，沒有都市的傳染迅速。至於都市裏面，一般的住民，吸不到新鮮空氣，晒不到太陽光，勞動的時間又少，為了人口的擠居，有了傳染病就可很迅速的傳染開來，而價格方面，也比鄉村住民弱得多。　　然而住在鄉村之中，也自有其缺點，而住在都市裹面，也未始沒有優點。鄉村住民在外面工作時，雖能飽吸新空氣，晒到太陽光，但工作回來，走進屋子，所有的房屋不但狹小，而且窗門很少，光線黑暗，地皮潮濕，和牛棚，豬欄，糞坑，等相隔甚近，蚊蠅成羣，使人駭異。這些都是致病之源。允其是飲水，沒有都市淸潔，食物的營養，以經濟不富裕，而不很充足。有了傳染病，不能送進設備很好的醫院。另一面，都市裏的房屋，建築比鄉村考究，基地乾燥，窗門洞開，蚊蠅比鄉村少得多，飲的水是經過沙濾的自來水，比鄉村乾凈，食物的營養也較鄉村爲足，害了疾病，就可很快的，送進醫院。尤其都市住居比鄉村住民的教育程度高，所以對於衛生問題，也比較要注意，所具的衛生常識，也來得豐富。這些便是住在都市裹比住在鄉村中來的優越的地方。　　七八十年之前，歐美各國的都市中，死亡率比鄉村要超過一倍，但近年來已相差不遠了。都市死亡率的所以能够迅速的减少，惟一原因，就在衛生教育的進步。單就上海說，公私機關時常領導民衆，舉行衛生運動，利用種種方法，喚起住民注意衛生。種牛痘，打防疫針，普遍的宣傳，已獲得顯著的效果。兩年來上海人口擠居，能免大疫，就是注意衛生的結果。所以住在都市中的人們，對於衛生問題，不拘是個人衛生或公衆衛生，能個個注意，那麽壽命就不一定比住在鄉村裹的人會短促。夏季大衣  圓　　隨着高等呢絨西服店標榜的冬季大衣春季大衣，我要來提倡一種夏季大衣。　　一定有許多人要批評我是熱昏了罷！大衣本是禦寒的東西，在冬季朔風凜冽的時候，在春季春寒料峭的時候需要一件大衣來保持體溫；但在這酷熱的季節，人們的衣裳儘量求薄求輕求凉爽，那裹還需要什麽累贅的大衣呢？　　這話固然不錯，然而在那黃梅　雨的季節裹，在那夜闌熱退的時候，允其在這颶風肆虐的氣候裹，人們穿着薄薄的坦胸露臂的新裝，難道不需要一件外衣來調節體溫嗎？　　有許多太太小姐們，已看到這點了，所以我們在路上常看見許多由綢的花布的長的短的大衣。　　這些大衣，固然樣子很新穎好看，而且顏色也適合衣裳和時令，不過有幾個缺點，因為布的不滑爽而黏滯，呆板而嫌不透氣；而綢的又原料工價勗貴，一襲非十數金莫辦，在這百物漲價，人們經濟拮据的時候，普通人是負擔不起的。　　現在我來提倡一種伯康物美的夏季大衣。　　這種大衣的原料，是任何顏色的開司米絨綫一叉四分之一絞，","shunpao"
"446","SPSP193711200601","19371120","難民救濟分會結束慈聯會今接收","shunpao"
"447","SPSP192901121101","19290112","地方通信二常州　　北鄉保衛團　械　　　江蘇省　　　及省委　復　來常查辦北鄉慘案、　將　遵循總保衛處及江　工　鄉保衛團槍械　到、對　　槍械八枝、丁　　槍三十餘枝予提機關槍刑架、盒子砲兩枝、手槍兩枝、分别送交武進縣政　保管、尙有江陰桃花　石莊保衛團、預得繳械消息、一股團丁、　避一空、該邑公安局長張品泉、即於十日來常、向省委及朱縣長接洽常澄聯防事宜、旋經朱縣長商請省警察隊、派警一排、携帶軍裝槍械、於當晚閱赴龍虎塘駐防、以維治安、　　省委來常檢閱警察　民政廳整理警察委員陶鶴書、於前日來常、檢閱公安分局内部狀况、十日檢閱城區各分局及警察隊木　槍隊、十一日上午、至戚墅堰東横林奔牛各分局校檢、南通　　江北分區剿匪　江北剿匪司令方鼎英、爲剿防匪類利便起見、分區辦理·南通·海門·如臯·啟東·江都·高郵·六合·儀微·東台·靖江·泰縣·泰興·屬第二分區、區長委定十師三十旅五十九團團長何浩若、　　檢閱通常水上公安隊　民政廳委員周鼎來通檢閱水上公安隊在天生　舉行、十日周委員偕陳鑫等、乘平陽艦、赴常熟福山、檢閱第十八隊第四分隊、　　全縣公安經費籌集辦法　南通縣政府、於十日召集全縣行政人員、就市政局開會、討論統籌全縣公安經費案、議决每年警費、二十六萬元、二成以原有之工廠實業公司及商捐抵充、餘七成按畝徵收警察捐、北餘原有各項苛細捐欵、一律停收、原有縣費每月一千二百六十元、移作各市鄉自治經費、或暫作爲添購槍械之用、　　呂四海盜猖獗情形　南通呂四場洋面、有小黑少股匪盤踞、十日縣政府據呂四行政局呈報、匪船現已移泊彭家灶海口、並登陸遊行、匪首潘　渠、日前續絃、在二甲鎭一帶、振濟貧民、每人給洋一二元不等、行動肆無忌憚、施縣長已據情轉報江决剿匪司令部核辦、鎭江　　縣署委員來鎭　財政部鹽務署部署長、爲整頓各地鹽政起見、特委派駐常州緝私第八大隊馬視察員智廣、於昨日下午來鎭、今日由駐鎭第五中隊長王大源·第八大隊特務員陸瑞·隨同至第五中隊所轄水陸各汛船卡、詳細巡視後、又至諫壁鎭視察、　　設處籌備市政　鎭埠各界人士、因鎭江定爲省會、新市政之設施、亟待進行、擬另設一市政籌備處、即以市行政局全部與公安局一部、合併改組、並請沈縣長兼任正主任、副主任則將屬諸市政局長、現已呈由省府方面批准、不日即可成立、　　鎭揚汽車公司近况　鎭揚汽車公司、前兩年因軍事關係營業不振、去秋車房、又遭回祿全部汽車被焚、業務更一落千丈、幸董事會方面、不因此灰心、重行購車繼續營業、本年營業、漸次恢復、近又在滬添購小車兩輛、大車四輛、以資擴充、　　興建南馬路菜場　鎭江市行政局、日前召集各界開市政談話會、對於菜場問題、决定就城内外繁盛區域、設立五所、現南馬路菜場、因得商會經濟上之補助將首先興建、現由該局估計工程、日内即可興工、揚州　　訂期議劃自治區域　江都縣境、計共五十市鄉、自辦理選舉及城市鄉行政局、均劃爲十區、現陳縣長南軒、以闪繁後簡、特遵奉民庭另行劃分、以期準確之廳令、訂於二十日下午二時、召集各市郛耆董、至本政府、開會集議、特先期分函各該耆董、着繪具現有各該市鄉現有區域之草圖、連同户口方男昆連之市鄉形勢造册携縣、以　參考、　　運委會查啟　鹽務進運使張家瑞、因啟　縣路電工程處主任施培滋等、前呈到司請設啟東場知事一案、業經批候核辦、現奉鹽務署令、云奉　部交辦該主任等、呈報啟東設治及鹽務歷史、請求設場、撥隸淮南、照通海同一辦理等情一案、除由署派員調查、着即派員會查該縣、每年銷鹽若干、及鹽灘鹽灶每年能産若干、現産若干此項鹽場警倉厫、及管理機關如何規劃、如場産不足能否照投標原案辦理分别妥議具覆、昨","shunpao"
"448","SPSP193912280401","19391228","社評日本的閣潮　　據東京電訊，日本衆議員二百五十人於日昨舉行非公開會議，當即通過對內閣表示不信任一案，並已向阿部首相提出要求內閣在明年一月國會開會前考慮辭職問題。據聞日本當局雖認爲性質並不嚴重、但已努力於設法消弭；而一般觀察、則以爲政潮頗有成爲事實的可能。　　中日戰事發生以來、日本內閣業已改組三次；發動侵華戰事的近衛內閣、於今年一月辭職，其任期共歷一年六個月；繼任的爲平沼、就職後不到八個月又被壓迫而下台；現任首相阿部於人月中旬組閣、到現在還祇有四個多月，若因這决倒閣風潮而去職，則以其支撐的時期作比較，眞可謂一代不如一代了。任何國家，在從事對外戰爭期內，決不會輕易改組政府；其原因在於集中政治的力量，穩定行政的機構，貫澈政策，全力對外。可是日本在這决侵華戰事中，竟一再改組內閣，其所表現的，乃是日本的政治機構，已隨着他在華泥足日益陷落而暴露其各種弱點。如侵華戰事不能迅速結束，將來難免不有更軼常軌的政治變動出現。　　近衛平沼兩內閣的解體，一爲和平運動的失敗，一爲外交政策的失敗。阿部上台，原來就是希望從事挽救這兩種失敗，可是事實却完全使日人失望。講結束侵華戰事，要想運用政治攻勢，可是沒有比近衛平沼得到較多的成就。要想繼續發揮武力，而先太敗於湘北，及自侵入南寗以後，仍然弄得一籌莫展，並還要看着成千成萬的兵士，漸次遭受殲滅；加之中國最近的全綫乘機出擊，竟使日本整個陣綫發生恐慌；不但不能結束戰事，反使戰事的範圍更爲擴大而虛弱。說調整外交，自七月下旬美國宣布廢止現行美日商的以來，連帶的也使英日天津談判發生變化，而阿部以及野村，都不能設法打開僵局。雖在國際竭力震動着日美日英關係改善的空氣，可是英美政府並沒有給以可靠的保證；當局種子空口表示，對內暴露了弱點，對外博得了冷笑。因此阿部內閣成立以來，不但不為軍人所愛惜，同時也不為政黨所稱道；各方與情，嘗譏之為懦弱無能的內閣；其將被人排斥，實是意中之事。不久之前，盛傳日本政黨政治即將抬頭，雖政黨能否即此抬頭，是莫大問題，但可視為阿部內閣崩潰的先聲。　　這　　發動的倒閣運動，其所持的理由，傳說是對物價及食米政策表示不滿；表面上似乎和前二次的閣潮有所不同，是封內的問題，而不是對外的關係，實際上是否眞的這樣，却不能令人無疑。縱令這完全是對內的問題，也和侵華戰事息息相關。因爲戰事的延續，所謂戰時經濟體制，已迫使百業衰頹，大部分人民受飢號寒。所有工商業的統制，祗便利於少數大資本家與軍火製造業者，而一般手工業和小資本生產者，大都已淪於破產的地步。以物價言，政府雖有很好的統制數字，可是黑市塲上的物價，常高過於政府規定價格若干倍。以食米言，政府曾宣稱生產數量增加，且可大量輸出，現在却又引起了人民的不滿。若衆議員所提出的理由，眞如朝日新聞所云，乃是國會議員們親從各選區目覩現狀的天然結果；那麼戰事促使日本社會陷於普遍而重大的不安，這是最確鑿最有力的證據了　　以日本的財力，物力和人力，決不足以支持長期戰爭。這是盡人皆知的事實；以當前的世界局勢，和中國抗戰的決心，日本要想僥倖獲得意外的收穫，這也是事實所絕不容許。所以無論日本如何改組內閣，無論誰任首相，假如不根本改變所定的國策，放棄侵略的企圖，決不能解決政治問題，也決不能穩定社會。而日本政黨的不健全，沒有高瞻遠矚、雄才偉略的能員，堪爲政治領袖，敢於公開的眞誠的改變國策，這是他的致命傷；大約須待政潮繼續不已，直到山窮水盡，然後才有時勢造英雄的希望吧！日各黨議員二百餘人　要求阿部內閣辭職　理由在反對物價及食米政策　內閣人員力謀消弭倒閣運動　　東京　日本首相阿部信行大將、今日接獲昨日日本衆議員二百四十人所通過之請求、對內閣表示不信任並建議內閣辭職倒閣理由爲「對物價及食米政策」表示不滿、今日議會休會後、內閣閣員將舉行長時期非正式會議、政治家將努力阻止在明年一月二十日議會重集前倒閣運動之蔓延、政府當局視目前局勢尙不嚴重、但於不滿意內閣運動擴大時、內閣將被迫提出總辭職、內閣覺目前之不滿意運動、爲無組織者、故擬努力阻止反對派之聯合、內閣閣僚中與議會有關之秋田淸、遞信大臣永井柳太郎、及拓務大臣金光庸夫等正居間斡旋、以期消弭倒閣運動、","shunpao"
"449","SPSP193502142001","19350214","全没了歡笑的日子","shunpao"
"450","SPSP193905031901","19390503","舊報新抄","shunpao"
"451","SPSP193904271501","19390427","上海租界病人數目","shunpao"
"452","SPSP192611101701","19261110","自由談梵語一勺","shunpao"
"453","SPSP193912150301","19391215","贛北華軍收復武溪市　南昌城內已發生巷戰　日營房倉庫被燬大燭天秩序亂　鄂華軍續克要點永隆河附近激戰中　岳陽合圍之勢已成日圖由水道逃逸　　東鄉　十二晚華便衣隊衝至南昌近郊、是晚九時、南昌四週大火、火光燭天、聞日損失甚重、","shunpao"
"454","SPSP192306271701","19230627","本埠新聞三國貨髮髻飾品之創製","shunpao"
"455","SPSP193103241201","19310324","","shunpao"
"456","SPSP193905251601","19390525","舊報新抄　六十七年前","shunpao"
"457","SPSP193210170601","19321017","要聞二第五師收復横峯縣城　　横峯亦匪巢之　　殘匪渡信江北竄　　南昌通信、横峯位於贛東之德興·上鐃·鉛山·弋陽之間、地形複雜、交通阻梗、民國十七年、爲共匪方志敏股所盤踞、其後雖經數度克復然因匪化甚深、旋得旋失、前年方匪以横峯爲赤化贛浙閩皖邊境及信江流域舊廣信兩府中心地、僞贛東北革命委員會·僞贛閩邊省政府·紅軍學校·僞郵政局·農工銀行等、均設於該縣城内、僞兵工廠·後方醫院·則設於該縣屬之葛源、實重要之匪巢也、上月、當朱毛北犯之際、國軍第五師由貴溪馳援撫州、贛東迤南兵力單薄、方邵兩匪、乃由信江北岸南犯、幷由廣豐上鐃鉛山侵入閩北浙東、嗣經閩浙官將崇安浦城克復、該匪僞十軍乃竄往閩浙邊界、時第五師由撫州回防貴溪即由弋陽而東、向横峯猛進、同時趙觀濤部在上鐃廣豐之信江上游、李藴珩師在萬年樂平信江之北岸、王錦師在鉛山河口信江之南岸、向匪大舉包圍、萬年之富林·貴溪之周坊·鉛山之車盤、均爲方匪盤踞數年之重要匪巢、卒爲李王各師、先後克復、方匪所恃以負隅頑抗者、只横峯一、縣故横峯亦即贛省東北赤匪最後之壁壘也、頃得軍訊、第五師師長周渾元、由貴溪追勦方邵、進至弋陽、時與匪發生激烈戰事、周師奮勇進擊、將匪擊潰僞十軍周建屛之八三·八四·兩轉完全爲官軍繳械其餘殘部狼狽渡過信江北竄、正追擊中又據省府消息、五師師長周渾元來電、略稱該師由弋陽乘勝進取横峯、於五日將該縣城克復、匪軍退至德興弋陽交界處云、横峯縣長、現由弋陽縣長兼任、惟縣城精華久已喪失罄盡四鄉農民、非是匪化即流離失所田園荒蕪廬舍坵墟、情狀甚慘、省府得到横城克復消息後、正物色幹才、委爲縣長、以便辦理善後招集流亡、救死扶傷、俾早恢復元氣、","shunpao"
"458","SPSP192211171701","19221117","中華勸工銀行ＣhineselndustrialBankLtd電報掛號六九七七刊有詳細章程函索即寄營業要目●商業各種存欵　各種放款　各種滙欵　●儲蓄定期儲蓄　活期儲蓄　特别儲蓄電話中央六七一一　六七一二備有儲蓄盒任存户借用行址上海南京路Ｐ字十六號上海銀行本行專營商業銀行一切業務并辦理國外滙兌及各種儲蓄存欵如荷　賜顧曷勝歡迎資本　二百五十萬元公積　四十二萬元總行本埠寗波路九號電話中四五二三分行北四川路十五號電話北一一一五上海蘇州銀行資本五十萬元分設蘇滬兩行專辦　有奬、定期、活期、　　　軍人、婦女、工人、　　　養老、婚嫁、學費、　　　各種儲蓄兼營銀行一切業務凡津浦京綏膠濟隴海滬寗滬杭甬沿路各站均做跟單押滙如蒙賜顧竭誠歡迎詳章函索即寄經理洪少圃　協理陳筱舟　襄理張洪疇浙江興業銀行NationalCommercialBankLdt第一貨棧在英租界新閘橋路","shunpao"
"459","SPSP193912160601","19391216","北海上空　英德發生激烈空戰　德方稱英機被擊落八架　英機羣飛德境偵察要塞　　柏林　此問昨夜接到消息稱、英國轟炸機與德國驅逐機昨日午後在北海華幹羅格島與斯比堪羅格島之間發生空戰、英國轟炸機計十二架、爲央國最新式之軍事飛機、德機當即飛往迎戰、擊落英機六架、餘者立即遁去、德機受傷一架、强迫降落在海上、","shunpao"
"460","SPSP193907201201","19390720","自由談略談少名士  尙卿　　所謂少名士，當然是指年紀尙輕，不到四十歲的人說的。可是爲了他們年紀輕，雖然也一例可以稱之爲名士，派頭却和老的，舊的，有些不同，至少，他們是寫白話文的，所以少名士，也就可稱之爲新名士。　　我對於少名士的身份，價値等項，也和我對於老名士一樣，不要有所論到。人人旣以他們爲名士，他們自已也以爲是名士，我就以名士稱他們，而說我耍說的話。　　他們多少總有幾分老名士的習氣，爲人所不滿。然而他們不迷信，沒有復古思想，他們的前途，遠在老名士之上，他們是有希望的。可是他們也有他們的致命傷，足以腐蝕他們自己而於國家社會無所貢獻。　　他們，自以爲是藝術家，藝術家應有藝術家的風度的，於是他們便處處顯出浪漫的","shunpao"
"461","SPSP192804181501","19280418","本埠新聞二小達子接到恐嚇信　欵貯大英牌烟盒外書天地元黄四字　倘不肯如期送去與常春恒同一對付　東嘉興路橋相候丹陽人王阿發成擒漢口路大舞臺伶人小達子","shunpao"
"462","SPSP193905241601","19390524","春秋黃包車夫的生活","shunpao"
"463","SPSP193907181401","19390718","春秋上海戰區嬰孩收容所","shunpao"
"464","SPSP193907191301","19390719","","shunpao"
"465","SPSP193812080501","19381208","英決以必要措置　維護在華利益　考慮經濟援助中國　議員請對日施壓力","shunpao"
"466","SPSP193103271101","19310327","本埠新聞二本埠天氣驟變","shunpao"
"467","SPSP193410221801","19341022","經濟專刊　中國的貨幣恐慌  耿愛德講　謝菊曾譯　　自十月十五日白銀出口税率頒布之後，三四日來，市塲大起變化，揆其主因，實緣投機商人自相驚擾，無中生有所致，上海著名外匯經紀人耿愛德氏，於十八日在扶輪社以豐富之經騐，冷靜之頭腦，作剴切之解釋，所言極有價値，爰爲介紹於本刊　　讀者，　　菊會　　中國貨幣的恐慌，在兩三年前，已露端倪，而這完全受世界經濟恐慌的波累，一些不是中國自己的過失。當一九二九年末，世界經濟恐慌發作的時候，照我們的觀察，第一椿商品開始很快地跌價的，便是白銀。社會上有一種説法，丨這種説法根據什麽原理而來，我不知道，丨就是世界一切商品的批發價格，可以用白銀來代表，你看到銀價下降，你就可以看到别的物價也下降，銀價上漲，别的物價也上漲，至於這許多商品那一椿最先受影響，却是難説。但照我所編的圖表看來，可以證明上面的觀察不錯。而且無論如何，我們看到一九二九·一九三○·和一九三一年銀價的跌落到如此地步，大家不能不吃一驚，這個情形，是好是壞，隨事而定，我不敢妄加猜測，我所説的，都是公平無偏的話。在那個時候，許多擔憂的朋友們，堅决地主張施行白銀進口税，甚或禁止白銀進口，好使全世界不能再將白銀向中國傾銷，我即深覺這不是一個聰明的辦法，因爲白銀無所謂傾銷不傾銷，貨物或有傾銷，至於白銀，中國愈多愈好，那時財政部長宋子文氏，對此一無舉動，値得我們稱頌，結果中國對於白銀的准許自由流入國内，深受其益，接收下許多的白銀。　　在過去十二年中，丨自一九二一至一九三三丨中國金融中心的上海，由海外及内地運入白銀約値五五，○○○，○○○元，不過我們裝到内地去的，却要比内地裝出來爲多。財政當局允許白銀自由進口的功效，就是使我們除了極少數接近紐約證券交易所的人士以外，大家都一些兒不相信竟有世界經濟恐慌的一會事，中國的批發物價，不跌反漲，於是中國成爲全世界惟一避免不景氣籠罩的國家，這個趨勢，直到一九三二年始終如一。從那時起，先之以一九三一年的英國脱離金本位，日本步武後塵，使中國開始遭受重大的打擊，後來到了一九三三年，美國也依樣葫蘆，於是我們感到影響一天嚴重一天，因爲美英的購買力，比先前减退。換句話説：就是從一九三三年以來，中國物價逐步跌落，把中國站在難於遏制通貨緊縮的地位。所謂通貨緊縮，意思是指中國連她那些微小的出口貿易，都保不住，進口湧旺，以致情勢日見嚴重。我不能説爲了貿易差額的關係，使我們立刻感受十分影響；但是人們見了情勢一天不如一天，並且很清楚地看見有些事情顚倒起來，於是他們便狐疑滿腹了。　　我們眼見資本從中國流出。本來在先前幾個年頭裏，丨一九三○·一九三一·一九三二，丨此間許多外國公司，都保藏他們的私人欵項在中國，甚至於從國外匯欵到中國來。因爲他們説：「我們要守候更佳的匯價，中國是處在一個經濟良好的地位。」但是一等到他們看見情形不對，不容他們不開始着急起來，於是便把他的所有的白銀供給，搬回他國本國，或離開中國口岸　。僅僅不過從今年四月發端，丨一月到三月還一些没有動靜丨白銀便着手輸出。根據我搜集的刊布的統計計算，我有把握可以説中國擁有的白銀，至少當有二十萬萬盎司丨包括東三省及蒙古在内丨。中國在最近過去六個月中，喪失了價値二萬萬元的白銀。這數不能説少，但是我們若推想到過去十二年中中國從外國方面到手的白銀，値到五萬五千萬元之巨，還未見這情形如何十分重大。所苦者，就是到了這個時候，早已缺乏大衆的信仰了。　　諸位時常聽説中國要平衡貿易差額，需要裝運白銀，我也承認有這個需要。但我敢説裝運出口的白銀，實在用以抵付貿易差額的，不過居極少部分，其中百分之七五，都屬於資本的流出。大槪一旦恐慌聞始，這類事情便很難遏制的。　　中國政府對於這種行動，應否聽其自然，抑須加以遏制，便有考慮之必要。講到遏制的話，從經濟學者以及權威方面的心理裏，可以得到下面的二種效果。第一，就是保存中國現有的白銀。第二，就是止住物價的下落。中國政府對此問題，已經表現過極大的忍耐。因爲他們眼見銀貨流出，他們也承認資本流出丨，不僅限於外人，而且還有中國人運到外國去，。他們處在困難的地位，因爲如果他們任令白銀流出不加限制，我們總有一天早晨醒來，發覺我們都站在紙本位上面了。所有現在的一切紙幣，都不能兑現，一切貨物賣買，只有行使紙幣的一途了。　　大約十天以前，又有二千五百萬元現銀裝出，另有一批九百五十萬元，也正裝箱待運。後來政府征税令下，於是白銀出口纔告停止丨，我不能説這是被禁止。　　當局對於白銀問題，曾經有三種計畫，加以考慮過。第一，是禁銀出口，但這個計畫大家認爲不妥，我也以爲很對，因爲禁銀出口，或許釀成更不好的結果。第二，是遞加出口税，這便是目下見諸事實的一個計畫。第三，是一個極有趣味的問題，就是廢止銀幣，介紹金本位到中國來。　　中國採用金本位，原是一椿極好的事情，但在眼前，却一些没有預備。大家回憶一九二九年甘末爾委員會對於此點的建議，同了他們認爲不能立刻，執行的結論，就可恍然。因爲中國没有心需的金凖備，而且中國各省還不能充分團結來實施這個計畫。　　關於這點，大家就要注意到甘末爾委員會的重要了。因爲他們工作的結果，創出現行的金單位。這個制度，工作的很是美妙，否則中國財政早瀕破産，在一九三○，一九三一，和一九三二年當中，中國關税的收入，决不能抵償外債。但是此刻採用金本位，實不可能。即使最後幾時，恐怕也是不行。其理由如下：第一，中國本不曾儲有充分的金貨；第二，我不相信中國此刻能够獲得充分的金貨，來開始施行金本位。時賢對於這個問題，曾有許多建議。就中如中孚銀行的顧季高氏，主張萬一銀價極度高漲，中國不妨利用這個機會，售銀易金。這層意思很佳，可是實行却有困難。因爲今日中國所有的全部白銀，並不屬於政府的。　　美國以及英蘭銀行裏的通貨凖備金，大家都知道是政府的財産；但是你一説到中國的白銀，百分之九九不屬於政府所有。所以白銀國有一舉，在眼前我認爲是不可能的。照我個人意思，美國受法律道德的束縛，在今後四五六年裏，要繼續她的抬高銀價政策。海外的銀價，勢必因之大漲。在没有想隔多時之後，銀價漲上七八角美金，一些用不着驚異。我想信中國或許有一天得到以銀換金的獲利機會，同時就些把她的幣制放在金基礎的上面。但這是將來的事情，我們需要計算着現實，以及討論現在究竟要遭遇那樣的情勢。　　此刻遞加白銀出口税的最先影響，第一天市塲没有什麽動靜，但是到了第二天，第三天，第四天，就發生一種危險，這等情形，我很少見過前例。就本人而論，有不少人士，紛紛打電話來問我意見，我一律回答他們：「我不曉得什麽；我不想到什麽；我也不思量去幹什麽。　這是我效法二十年前的一位講師的回答一個問題，他的回答是：「我可以確切地告訴你，一錯，白銀是要上漲或跌落的！」　　我可以一些不猶豫地説，白銀是要上漲的。於是一個問題來了，就是如果銀價大漲，中國將何以處之呢？我們現在除了國内之外，已經和白銀脱離關係了。我們已處在積極的紙幣本位上面，所以如果銀價上漲，我們必須很慢很慢地跟着走。但我並不希望有一高的水凖。照昨今兩日","shunpao"
